full_mask_projected_error,internal_nodes,main_effect,node_index,shapley_projected,topology,tree_hash
0.0,1,0.0,0,0.0,comb,d753d020b326b296e24952e6449780937680175dff21ff3dab522f77b2d923ea
0.0,1,0.0,0,0.0,balanced,d753d020b326b296e24952e6449780937680175dff21ff3dab522f77b2d923ea
0.0,1,0.0,0,0.0,two_branch,d753d020b326b296e24952e6449780937680175dff21ff3dab522f77b2d923ea
0.010000000000000009,2,0.0,0,0.0050000000000000044,comb,e5568d69ce97d8e31cac256c37711124b90f1898ab444ad4714384d02c31f5da
0.010000000000000009,2,0.0,1,0.0050000000000000044,comb,e5568d69ce97d8e31cac256c37711124b90f1898ab444ad4714384d02c31f5da
0.010000000000000009,2,0.0,0,0.0050000000000000044,balanced,e5568d69ce97d8e31cac256c37711124b90f1898ab444ad4714384d02c31f5da
0.010000000000000009,2,0.0,1,0.0050000000000000044,balanced,e5568d69ce97d8e31cac256c37711124b90f1898ab444ad4714384d02c31f5da
0.0,2,0.0,0,0.0,two_branch,a24dc0857504ae86635ee7d90963f7984987f7d6225182502c6f1cce8f466647
0.0,2,0.0,1,0.0,two_branch,a24dc0857504ae86635ee7d90963f7984987f7d6225182502c6f1cce8f466647
0.02984962311319861,3,0.0,0,0.009949874371066203,comb,038a9ec6f7cd5df5184b943fec3ad730920441b925da19ac30283a904b9ff2b9
0.02984962311319861,3,0.0,1,0.009949874371066203,comb,038a9ec6f7cd5df5184b943fec3ad730920441b925da19ac30283a904b9ff2b9
0.02984962311319861,3,0.0,2,0.009949874371066203,comb,038a9ec6f7cd5df5184b943fec3ad730920441b925da19ac30283a904b9ff2b9
0.009949874371066203,3,0.0,0,0.0049832914570220686,balanced,f77fcc8e56b0d33238e712f1f870fcdb828dd685b804622ef1bf7414de093c28
0.009949874371066203,3,0.0,1,0.0049832914570220686,balanced,f77fcc8e56b0d33238e712f1f870fcdb828dd685b804622ef1bf7414de093c28
0.009949874371066203,3,0.0,2,-1.67085429779353e-05,balanced,f77fcc8e56b0d33238e712f1f870fcdb828dd685b804622ef1bf7414de093c28
0.009949874371066203,3,0.0,0,0.0049832914570220686,two_branch,f77fcc8e56b0d33238e712f1f870fcdb828dd685b804622ef1bf7414de093c28
0.009949874371066203,3,0.0,1,0.0049832914570220686,two_branch,f77fcc8e56b0d33238e712f1f870fcdb828dd685b804622ef1bf7414de093c28
0.009949874371066203,3,0.0,2,-1.67085429779353e-05,two_branch,f77fcc8e56b0d33238e712f1f870fcdb828dd685b804622ef1bf7414de093c28
0.05929999999999991,4,0.0,0,0.014824999999999977,comb,da2fc02433f7988217c90dcd14662d3166942b3408905a7affb0b4eb34db7263
0.05929999999999991,4,0.0,1,0.014824999999999977,comb,da2fc02433f7988217c90dcd14662d3166942b3408905a7affb0b4eb34db7263
0.05929999999999991,4,0.0,2,0.014824999999999977,comb,da2fc02433f7988217c90dcd14662d3166942b3408905a7affb0b4eb34db7263
0.05929999999999991,4,0.0,3,0.014824999999999977,comb,da2fc02433f7988217c90dcd14662d3166942b3408905a7affb0b4eb34db7263
0.02969999999999995,4,0.0,0,0.00991664572851102,balanced,61e885a698d4cd50dd217a02e33c2fdde9608a5a64ee45893b7046f64a364ebf
0.02969999999999995,4,0.0,1,0.00991664572851102,balanced,61e885a698d4cd50dd217a02e33c2fdde9608a5a64ee45893b7046f64a364ebf
0.02969999999999995,4,0.0,2,0.00991664572851102,balanced,61e885a698d4cd50dd217a02e33c2fdde9608a5a64ee45893b7046f64a364ebf
0.02969999999999995,4,0.0,3,-4.9937185533116546e-05,balanced,61e885a698d4cd50dd217a02e33c2fdde9608a5a64ee45893b7046f64a364ebf
0.00990000000000002,4,0.0,0,0.004966645728511039,two_branch,c49bc82e43739a6b5ffc5afb296dd7afc32726f99c2bda873e6dccebbd75ee5d
0.00990000000000002,4,0.0,1,0.004966645728511039,two_branch,c49bc82e43739a6b5ffc5afb296dd7afc32726f99c2bda873e6dccebbd75ee5d
0.00990000000000002,4,0.0,2,-1.6645728511029596e-05,two_branch,c49bc82e43739a6b5ffc5afb296dd7afc32726f99c2bda873e6dccebbd75ee5d
0.00990000000000002,4,0.0,3,-1.6645728511029596e-05,two_branch,c49bc82e43739a6b5ffc5afb296dd7afc32726f99c2bda873e6dccebbd75ee5d
0.09800626255500189,5,0.0,0,0.019601252511000377,comb,87d4d13a9493b3c4bd2c354a70ea108caf18a473310c6bebb43691066c95a332
0.09800626255500189,5,0.0,1,0.019601252511000377,comb,87d4d13a9493b3c4bd2c354a70ea108caf18a473310c6bebb43691066c95a332
0.09800626255500189,5,0.0,2,0.019601252511000377,comb,87d4d13a9493b3c4bd2c354a70ea108caf18a473310c6bebb43691066c95a332
0.09800626255500189,5,0.0,3,0.019601252511000377,comb,87d4d13a9493b3c4bd2c354a70ea108caf18a473310c6bebb43691066c95a332
0.09800626255500189,5,0.0,4,0.019601252511000377,comb,87d4d13a9493b3c4bd2c354a70ea108caf18a473310c6bebb43691066c95a332
0.03910300627829011,5,0.0,0,0.009817259547062427,balanced,73a962c3fd59328c00a611de636ef5303eceb2f3922424c0e5bc180e646f1fcf
0.03910300627829011,5,0.0,1,0.009817259547062427,balanced,73a962c3fd59328c00a611de636ef5303eceb2f3922424c0e5bc180e646f1fcf
0.03910300627829011,5,0.0,2,0.009817259547062427,balanced,73a962c3fd59328c00a611de636ef5303eceb2f3922424c0e5bc180e646f1fcf
0.03910300627829011,5,0.0,3,0.004825613818551417,balanced,73a962c3fd59328c00a611de636ef5303eceb2f3922424c0e5bc180e646f1fcf
0.03910300627829011,5,0.0,4,0.004825613818551417,balanced,73a962c3fd59328c00a611de636ef5303eceb2f3922424c0e5bc180e646f1fcf
0.009850375627355468,5,0.0,0,0.0049500625625777065,two_branch,d01c2bac997a3cb596bfb3017a2ed7f6be667e0ed46e53f5213339cec69b6661
0.009850375627355468,5,0.0,1,0.0049500625625777065,two_branch,d01c2bac997a3cb596bfb3017a2ed7f6be667e0ed46e53f5213339cec69b6661
0.009850375627355468,5,0.0,2,-1.6583165933333385e-05,two_branch,d01c2bac997a3cb596bfb3017a2ed7f6be667e0ed46e53f5213339cec69b6661
0.009850375627355468,5,0.0,3,-1.658316593330563e-05,two_branch,d01c2bac997a3cb596bfb3017a2ed7f6be667e0ed46e53f5213339cec69b6661
0.009850375627355468,5,0.0,4,-1.658316593330563e-05,two_branch,d01c2bac997a3cb596bfb3017a2ed7f6be667e0ed46e53f5213339cec69b6661
0.14553099999999985,6,0.0,0,0.02425516666666664,comb,f6a6965840bb2c56b8909c5c7904f2fb283f27f07bf9c8fec527718f6b661fd2
0.14553099999999985,6,0.0,1,0.02425516666666664,comb,f6a6965840bb2c56b8909c5c7904f2fb283f27f07bf9c8fec527718f6b661fd2
0.14553099999999985,6,0.0,2,0.02425516666666664,comb,f6a6965840bb2c56b8909c5c7904f2fb283f27f07bf9c8fec527718f6b661fd2
0.14553099999999985,6,0.0,3,0.02425516666666664,comb,f6a6965840bb2c56b8909c5c7904f2fb283f27f07bf9c8fec527718f6b661fd2
0.14553099999999985,6,0.0,4,0.02425516666666664,comb,f6a6965840bb2c56b8909c5c7904f2fb283f27f07bf9c8fec527718f6b661fd2
0.14553099999999985,6,0.0,5,0.02425516666666664,comb,f6a6965840bb2c56b8909c5c7904f2fb283f27f07bf9c8fec527718f6b661fd2
0.038906999999999914,6,0.0,0,0.009784541708385124,balanced,cbbdb5f1f5dee2b1c8dae3d22a8b7f36a4a67fd046f00887dfbf359c2e232ef4
0.038906999999999914,6,0.0,1,0.009784541708385124,balanced,cbbdb5f1f5dee2b1c8dae3d22a8b7f36a4a67fd046f00887dfbf359c2e232ef4
0.038906999999999914,6,0.0,2,0.009784541708385124,balanced,cbbdb5f1f5dee2b1c8dae3d22a8b7f36a4a67fd046f00887dfbf359c2e232ef4
0.038906999999999914,6,0.0,3,-6.578391928606097e-05,balanced,cbbdb5f1f5dee2b1c8dae3d22a8b7f36a4a67fd046f00887dfbf359c2e232ef4
0.038906999999999914,6,0.0,4,0.004809579397065301,balanced,cbbdb5f1f5dee2b1c8dae3d22a8b7f36a4a67fd046f00887dfbf359c2e232ef4
0.038906999999999914,6,0.0,5,0.004809579397065301,balanced,cbbdb5f1f5dee2b1c8dae3d22a8b7f36a4a67fd046f00887dfbf359c2e232ef4
0.019503000000000048,6,0.0,0,0.004892220937945213,two_branch,bc16e670610c02f923048cdb4f36e6d6e347f0acd73ea07b29f99ec6501639da
0.019503000000000048,6,0.0,1,0.004892220937945213,two_branch,bc16e670610c02f923048cdb4f36e6d6e347f0acd73ea07b29f99ec6501639da
0.019503000000000048,6,0.0,2,-3.294187589040209e-05,two_branch,bc16e670610c02f923048cdb4f36e6d6e347f0acd73ea07b29f99ec6501639da
0.019503000000000048,6,0.0,3,0.004892220937945213,two_branch,bc16e670610c02f923048cdb4f36e6d6e347f0acd73ea07b29f99ec6501639da
0.019503000000000048,6,0.0,4,0.004892220937945213,two_branch,bc16e670610c02f923048cdb4f36e6d6e347f0acd73ea07b29f99ec6501639da
0.019503000000000048,6,0.0,5,-3.294187589040209e-05,two_branch,bc16e670610c02f923048cdb4f36e6d6e347f0acd73ea07b29f99ec6501639da
0.2013486427352067,7,0.0,0,0.028764091819315253,comb,450341b92fc9ae28541c07ed1a198239a4d8b01f1b2720960d86e07709df377b
0.2013486427352067,7,0.0,1,0.028764091819315253,comb,450341b92fc9ae28541c07ed1a198239a4d8b01f1b2720960d86e07709df377b
0.2013486427352067,7,0.0,2,0.028764091819315253,comb,450341b92fc9ae28541c07ed1a198239a4d8b01f1b2720960d86e07709df377b
0.2013486427352067,7,0.0,3,0.028764091819315253,comb,450341b92fc9ae28541c07ed1a198239a4d8b01f1b2720960d86e07709df377b
0.2013486427352067,7,0.0,4,0.028764091819315253,comb,450341b92fc9ae28541c07ed1a198239a4d8b01f1b2720960d86e07709df377b
0.2013486427352067,7,0.0,5,0.028764091819315253,comb,450341b92fc9ae28541c07ed1a198239a4d8b01f1b2720960d86e07709df377b
0.2013486427352067,7,0.0,6,0.028764091819315253,comb,450341b92fc9ae28541c07ed1a198239a4d8b01f1b2720960d86e07709df377b
0.03871197621550726,7,0.0,0,0.009751946661903333,balanced,97c485672e6dd0fea2b6f71425954af87510834058f20e4ea67add6724d1fad9
0.03871197621550726,7,0.0,1,0.009751946661903333,balanced,97c485672e6dd0fea2b6f71425954af87510834058f20e4ea67add6724d1fad9
0.03871197621550726,7,0.0,2,0.009751946661903333,balanced,97c485672e6dd0fea2b6f71425954af87510834058f20e4ea67add6724d1fad9
0.03871197621550726,7,0.0,3,-6.55369223722269e-05,balanced,97c485672e6dd0fea2b6f71425954af87510834058f20e4ea67add6724d1fad9
0.03871197621550726,7,0.0,4,0.004793605037270845,balanced,97c485672e6dd0fea2b6f71425954af87510834058f20e4ea67add6724d1fad9
0.03871197621550726,7,0.0,5,0.004793605037270845,balanced,97c485672e6dd0fea2b6f71425954af87510834058f20e4ea67add6724d1fad9
0.03871197621550726,7,0.0,6,-6.553692237219546e-05,balanced,97c485672e6dd0fea2b6f71425954af87510834058f20e4ea67add6724d1fad9
0.03871197621550726,7,0.0,0,0.009751946661903333,two_branch,97c485672e6dd0fea2b6f71425954af87510834058f20e4ea67add6724d1fad9
0.03871197621550726,7,0.0,1,0.009751946661903333,two_branch,97c485672e6dd0fea2b6f71425954af87510834058f20e4ea67add6724d1fad9
0.03871197621550726,7,0.0,2,0.009751946661903333,two_branch,97c485672e6dd0fea2b6f71425954af87510834058f20e4ea67add6724d1fad9
0.03871197621550726,7,0.0,3,-6.55369223722269e-05,two_branch,97c485672e6dd0fea2b6f71425954af87510834058f20e4ea67add6724d1fad9
0.03871197621550726,7,0.0,4,0.004793605037270845,two_branch,97c485672e6dd0fea2b6f71425954af87510834058f20e4ea67add6724d1fad9
0.03871197621550726,7,0.0,5,0.004793605037270845,two_branch,97c485672e6dd0fea2b6f71425954af87510834058f20e4ea67add6724d1fad9
0.03871197621550726,7,0.0,6,-6.553692237219546e-05,two_branch,97c485672e6dd0fea2b6f71425954af87510834058f20e4ea67add6724d1fad9
0.2648507299999998,8,0.0,0,0.03310634124999999,comb,9588bc22dc001b2809f58d2acb767675a6db6407ec6095da7dfae50169e1b1e7
0.2648507299999998,8,0.0,1,0.03310634124999999,comb,9588bc22dc001b2809f58d2acb767675a6db6407ec6095da7dfae50169e1b1e7
0.2648507299999998,8,0.0,2,0.03310634124999999,comb,9588bc22dc001b2809f58d2acb767675a6db6407ec6095da7dfae50169e1b1e7
0.2648507299999998,8,0.0,3,0.03310634124999999,comb,9588bc22dc001b2809f58d2acb767675a6db6407ec6095da7dfae50169e1b1e7
0.2648507299999998,8,0.0,4,0.03310634124999999,comb,9588bc22dc001b2809f58d2acb767675a6db6407ec6095da7dfae50169e1b1e7
0.2648507299999998,8,0.0,5,0.03310634124999999,comb,9588bc22dc001b2809f58d2acb767675a6db6407ec6095da7dfae50169e1b1e7
0.2648507299999998,8,0.0,6,0.03310634124999999,comb,9588bc22dc001b2809f58d2acb767675a6db6407ec6095da7dfae50169e1b1e7
0.2648507299999998,8,0.0,7,0.03310634124999999,comb,9588bc22dc001b2809f58d2acb767675a6db6407ec6095da7dfae50169e1b1e7
0.06723584999999987,8,0.0,0,0.014538526132468223,balanced,d18a6d36d183228618521e28e6971898bb7387d22b68ff47a494258df4de13c9
0.06723584999999987,8,0.0,1,0.014538526132468223,balanced,d18a6d36d183228618521e28e6971898bb7387d22b68ff47a494258df4de13c9
0.06723584999999987,8,0.0,2,0.014538526132468223,balanced,d18a6d36d183228618521e28e6971898bb7387d22b68ff47a494258df4de13c9
0.06723584999999987,8,0.0,3,0.014538526132468223,balanced,d18a6d36d183228618521e28e6971898bb7387d22b68ff47a494258df4de13c9
0.06723584999999987,8,0.0,4,-0.00011408656368380542,balanced,d18a6d36d183228618521e28e6971898bb7387d22b68ff47a494258df4de13c9
0.06723584999999987,8,0.0,5,0.004654959298747279,balanced,d18a6d36d183228618521e28e6971898bb7387d22b68ff47a494258df4de13c9
0.06723584999999987,8,0.0,6,0.004654959298747279,balanced,d18a6d36d183228618521e28e6971898bb7387d22b68ff47a494258df4de13c9
0.06723584999999987,8,0.0,7,-0.00011408656368378643,balanced,d18a6d36d183228618521e28e6971898bb7387d22b68ff47a494258df4de13c9
0.03851792999999992,8,0.0,0,0.009719473915785674,two_branch,5920e491f92232cc138e4f67f308e1de938fed4ed432f2a27d5178b6c2dd1363
0.03851792999999992,8,0.0,1,0.009719473915785674,two_branch,5920e491f92232cc138e4f67f308e1de938fed4ed432f2a27d5178b6c2dd1363
0.03851792999999992,8,0.0,2,0.009719473915785674,two_branch,5920e491f92232cc138e4f67f308e1de938fed4ed432f2a27d5178b6c2dd1363
0.03851792999999992,8,0.0,3,-6.529091506918763e-05,two_branch,5920e491f92232cc138e4f67f308e1de938fed4ed432f2a27d5178b6c2dd1363
0.03851792999999992,8,0.0,4,0.004777690498925211,two_branch,5920e491f92232cc138e4f67f308e1de938fed4ed432f2a27d5178b6c2dd1363
0.03851792999999992,8,0.0,5,0.004777690498925211,two_branch,5920e491f92232cc138e4f67f308e1de938fed4ed432f2a27d5178b6c2dd1363
0.03851792999999992,8,0.0,6,-6.529091506917044e-05,two_branch,5920e491f92232cc138e4f67f308e1de938fed4ed432f2a27d5178b6c2dd1363
0.03851792999999992,8,0.0,7,-6.529091506917044e-05,two_branch,5920e491f92232cc138e4f67f308e1de938fed4ed432f2a27d5178b6c2dd1363
