block,type_count,arity_kind,internal_nodes,dimension_profile,rank_profile,control,scientific_instance_hash,tree_hash,validation,invalid_rejected_before_evaluation,seed_count_required,status
E,2,binary,3,"(2, 9)","(1, 4)",valid,288e5fb0715d4968ecf2393dbd10b6045217f0b3b417c7daa655c27f4e44e423,f2c2d920f41ed73393e06578a53b2b9da69b7f60c0ba38d04b0d97db94436948,ACCEPTED,False,10,COMPLETE_TYPE_VALIDATION
E,2,binary,3,"(2, 9)","(1, 4)",invalid_edge,851018de987c55298fc5a2b2316abb44b7b1bebe12cd1ef29701b108a00942be,5710374a0a18c0db1febbc4bfe6ed452eec42be5d8d71ba64c0bd038702ef89a,REJECTED,True,0,VERIFIED_NEGATIVE_CONTROL
E,2,binary,6,"(2, 9)","(1, 4)",valid,1d9f96b8b6462f65bee44f5a764ebcc2a46e6faa25e3f0eac7982509bb849727,f0cc62058880e61c2c9a23f16f918a1b77cc06d22725ec984d121c4bc4b74106,ACCEPTED,False,10,COMPLETE_TYPE_VALIDATION
E,2,binary,6,"(2, 9)","(1, 4)",invalid_edge,66680abb5f73b16c6084938c4797c208e92f34a24e4f7158c8e40c1bb4e22bf5,23456b7c9ffe593ee78f6c4d55921b975e3bda8d3ed48717040a86286529fe07,REJECTED,True,0,VERIFIED_NEGATIVE_CONTROL
E,2,binary,10,"(3, 10)","(1, 4)",valid,8ac73a20312807b670116c2827b2175999db057f7eb6435ab88dce30e063af8d,09e62d5f905e1e96441e30d04bd6bdddfcacc812e3f43ee89640b04cf85df000,ACCEPTED,False,10,COMPLETE_TYPE_VALIDATION
E,2,binary,10,"(3, 10)","(1, 4)",invalid_edge,587625b9d08e6aff98924b91ee3703dc0459464df9778414efee0d3e7162601a,5c9814c2351c562fae18f0ae0ceaa2c8557b54e8f4fb310b328808fa5ace3448,REJECTED,True,0,VERIFIED_NEGATIVE_CONTROL
E,2,binary,16,"(3, 10)","(1, 4)",valid,f2784ed26b35d5fd1c8c63bcda8a9708f60e0f7428b175dd9e5dd8d1601785e6,4f5b9fdbb6dd278a07fa59a78e3138a1a7c8258af7f4ae3ab3c9b1605eb28cda,ACCEPTED,False,10,COMPLETE_TYPE_VALIDATION
E,2,binary,16,"(3, 10)","(1, 4)",invalid_edge,d3c436c6430bfc24d593d11bbbd1612d5d94081e9f833c25c7d171bd482d6166,a130f129b923bc40e434edca8bd07bc29e3c6f72c33741632c7fe9ba45ad90cd,REJECTED,True,0,VERIFIED_NEGATIVE_CONTROL
E,2,ternary,3,"(2, 9)","(1, 4)",valid,6049ab90d40d04bbf2b574e38457ab3120f0d2ca9c1e9fa9c121d838cb179f47,9a3c0747819d764a9e6d7278048c5d7362aa978199453f2f4beaae7f929a54f0,ACCEPTED,False,10,COMPLETE_TYPE_VALIDATION
E,2,ternary,3,"(2, 9)","(1, 4)",invalid_edge,c037d903db54de02eeda4916f17791e773993ed242be083adc69f0364d566e10,3cc968a7d8fea5227f4fc0f32441ef34ef7a506e71f9c34eedf8824cde3e13f0,REJECTED,True,0,VERIFIED_NEGATIVE_CONTROL
E,2,ternary,6,"(2, 9)","(1, 4)",valid,b6a5bbcdbd30667a7af7f155d1dfbfb595713dd2b0629facf9654e2f0d9de5ef,9a33bdcf0815eee69c74bda7a0bdbc1ebca4c5d02996ab5a538e438d9fbb311d,ACCEPTED,False,10,COMPLETE_TYPE_VALIDATION
E,2,ternary,6,"(2, 9)","(1, 4)",invalid_edge,7c75e31d7b58ea44f6b6302f34926ca87940722bde1597c062fc1ed7d1e5262d,d09b3e85b6a1c7e5598aa317314a32dd7f8139c33e0be96b9e7ec747ca0ba4e7,REJECTED,True,0,VERIFIED_NEGATIVE_CONTROL
E,2,ternary,10,"(3, 10)","(1, 4)",valid,e86febb71ce9657ffd69d448ba289cc7c0b58991c1a2cf3f97f73dc0d33a31aa,2624aa0ca5163a3a2c051516080ac5ab34af6475b8060780261d576d8903e368,ACCEPTED,False,10,COMPLETE_TYPE_VALIDATION
E,2,ternary,10,"(3, 10)","(1, 4)",invalid_edge,d494b2c7be2ae61f5f19b0654fdc97b1d3c0ae302c473dcf5da0464aa820e95b,38d9a70946f40fcfd3193bc14655127955af46ac81519506413994ce6bb84fda,REJECTED,True,0,VERIFIED_NEGATIVE_CONTROL
E,2,ternary,16,"(3, 10)","(1, 4)",valid,dcb38832b7276cd6c95294fd4cfb63fcf218179fe34ca2b296635d7deca091e4,dc62d0982a34554cd270dab25ac02ed42f71a5e8200fab94ae9aa6446c1bb213,ACCEPTED,False,10,COMPLETE_TYPE_VALIDATION
E,2,ternary,16,"(3, 10)","(1, 4)",invalid_edge,07a6da3823f4ac37c9a0ccd53638b161538e84a59b7e25f6322ab777d08fbc0d,14afe7c18271e6f2cbc7bf9f9d721f13e09057d3750cf9d032ebcb539aca9cc3,REJECTED,True,0,VERIFIED_NEGATIVE_CONTROL
E,2,quaternary,3,"(2, 9)","(1, 4)",valid,ea0e1c7671bea33cea75f466dc3cddfd3b70100c3d98792c24bd7bc03d2d2480,e2f00d8f122842324ecec80f927351c2313dcc130d2c2781eb959d4e66b3675d,ACCEPTED,False,10,COMPLETE_TYPE_VALIDATION
E,2,quaternary,3,"(2, 9)","(1, 4)",invalid_edge,91b29364619ee74755b6a14f0ded55ac8960ebda3c2278e48d1ec8fe1e5ede91,e0d41c4705adf3293d454ef892119db8950dec0695f29cd90ee2019bcc7f4511,REJECTED,True,0,VERIFIED_NEGATIVE_CONTROL
E,2,quaternary,6,"(2, 9)","(1, 4)",valid,92d74ef6193e4c209a4b34219fa0eaae5e8f57ae485e7df99b842ee5f433083a,145a5276b16c569f0c1658ce98e357245877893d2de43193f55e9c5e00065865,ACCEPTED,False,10,COMPLETE_TYPE_VALIDATION
E,2,quaternary,6,"(2, 9)","(1, 4)",invalid_edge,674015cb67357519649c2b3c057a45c532c3d6ba4cfa3a3bc0789acd8f2a1885,e0a01b5ec53d50c6eb099db529e4ffba02469f66acc3e735d1b1d59d2e452a60,REJECTED,True,0,VERIFIED_NEGATIVE_CONTROL
E,2,quaternary,10,"(3, 10)","(1, 4)",valid,783b7ac0730988f5545eaa09da07c65add886fda18db5f2c4acb1aa898d18483,ff88eefc5efb7fa855650376eb383e83e09930353f471c2ca8fe78b1b3da5359,ACCEPTED,False,10,COMPLETE_TYPE_VALIDATION
E,2,quaternary,10,"(3, 10)","(1, 4)",invalid_edge,6b507c9853313fc57a41b87022214c1687eed00ff1daf6cc7cb912813da4e606,fd2c642c3363dc4b86013573a1e0fda2ba63da92e0a1389c3dabc82ba67574b9,REJECTED,True,0,VERIFIED_NEGATIVE_CONTROL
E,2,quaternary,16,"(3, 10)","(1, 4)",valid,6f5a3b408f535100df3b5b9d49ac7482c8fe96a2e9edf417d74036ca381a9150,47aef133de3f0e9d1e3289d0c817abd2d88914da584994fa5ce63a0578e878b0,ACCEPTED,False,10,COMPLETE_TYPE_VALIDATION
E,2,quaternary,16,"(3, 10)","(1, 4)",invalid_edge,f338954de0f49f97e6570c3528211e67f1f2179198fa1c1be11043e91f46539a,2d9917c91095c800d9b68987f547c74960b2b1b58db0cdc0d3c66f9837632427,REJECTED,True,0,VERIFIED_NEGATIVE_CONTROL
E,2,mixed,3,"(2, 9)","(1, 4)",valid,a48873c5b1e68a4931cd15a0f32c07df2666d7d11ee3f823ea4ebb2b739a9a00,872f720de5fc8f7b192550c45aed3cc999066b2603c577e4835011b4a41c3dd2,ACCEPTED,False,10,COMPLETE_TYPE_VALIDATION
E,2,mixed,3,"(2, 9)","(1, 4)",invalid_edge,fb0c4e996b00188e650dc8e45c673b423648b9f8593bb4bc7dba97bc5ade9e74,2f2dab4599e43422c44ced38daebf10360de5c7294d1b4a27e5f6347622bb506,REJECTED,True,0,VERIFIED_NEGATIVE_CONTROL
E,2,mixed,6,"(2, 9)","(1, 4)",valid,501b5ce71736267b7ac942d55e986bf1e1e53c911815defcec2001811dc86c2c,7e820f34ff6f3e520bdc7040b0f4d6759d50d24e428f6e666f3b509c4e4c41dd,ACCEPTED,False,10,COMPLETE_TYPE_VALIDATION
E,2,mixed,6,"(2, 9)","(1, 4)",invalid_edge,4d7a75531fa80454a499fc8dc111792163c054eb2485f0adf5b05d9ffb271674,2c481d187f6bfab3f57ffc2655dec64f80c25865fab403b7466374aeb18f0845,REJECTED,True,0,VERIFIED_NEGATIVE_CONTROL
E,2,mixed,10,"(3, 10)","(1, 4)",valid,01c8ffbe4d3059668dcff06bbe4c934dcfbd5591d0359b4c0560d19671e87b8d,49dbe4286da8d4883e66fbfc9bf32de69948c85252bff0a60767849fa748ea0c,ACCEPTED,False,10,COMPLETE_TYPE_VALIDATION
E,2,mixed,10,"(3, 10)","(1, 4)",invalid_edge,0c6c80494abff2e3c9eef02051ae921278a9102436b20bf3f930bdf549609aea,e3393741a363740b78a751ebe81353f1266843a9fbe34e316f33e426b9ee38c2,REJECTED,True,0,VERIFIED_NEGATIVE_CONTROL
E,2,mixed,16,"(3, 10)","(1, 4)",valid,a526baca4b0b7d9c01b50726cf6e101d5a7c8c53bb3f99606ab2d7350a6d4326,d21bd1dabc2cefe05edc3a26c9f3039075a252718027fda391b6c4a3627a28cb,ACCEPTED,False,10,COMPLETE_TYPE_VALIDATION
E,2,mixed,16,"(3, 10)","(1, 4)",invalid_edge,354d4f04bcbfaf1b1f56124fb9a694370156bb7e6cc47833a4556f9d5fa8858e,e69a89697a6aef08adac2925e8d0e975ed1c5c934aa40e598c867706d88d8479,REJECTED,True,0,VERIFIED_NEGATIVE_CONTROL
E,3,binary,3,"(2, 9, 16)","(1, 4, 7)",valid,0e678b0583edf4adff0af7acfea42128299ba893ebd87fec0e52febdb367d948,f30ff45d7c29eee4458bf36d76115439f5586ecd70823818246f8fcaf1749fbc,ACCEPTED,False,10,COMPLETE_TYPE_VALIDATION
E,3,binary,3,"(2, 9, 16)","(1, 4, 7)",invalid_edge,5aa3cc910f829938c47452b72ef29ef1307395e32234666de4935431f8df7f42,bd3d775c42b0e41ff01fd68e6ec82a7dafbe1972c715a8f7e6b2e933459a27f9,REJECTED,True,0,VERIFIED_NEGATIVE_CONTROL
E,3,binary,6,"(2, 9, 16)","(1, 4, 7)",valid,4b31dbd4177489bf4607dc983bca61bfbfe1feb5464f66337d6ddceb1f76f1d3,338ca997d7f0fcf747542f174943f6ff569571cb021c5776ede0a476f1d6bad9,ACCEPTED,False,10,COMPLETE_TYPE_VALIDATION
E,3,binary,6,"(2, 9, 16)","(1, 4, 7)",invalid_edge,e5ddff21108ab8c7ff419a52c151d550be845dc3396a1857d943bc120f5093e9,d367e79877687e82279ec609ca22d42c1f74c2aa2c3e501f26d4aacdb7638977,REJECTED,True,0,VERIFIED_NEGATIVE_CONTROL
E,3,binary,10,"(3, 10, 17)","(1, 4, 7)",valid,fc754c8c968c66efc6fff5f00d35010854f23f107b5344614040762020452114,d09b793868b4a122c182206e232896296fe52a1230163db8e69d65d3d1b3c0ec,ACCEPTED,False,10,COMPLETE_TYPE_VALIDATION
E,3,binary,10,"(3, 10, 17)","(1, 4, 7)",invalid_edge,0ebaf64338b960992cac33866b104049e7c6da136d25d3b413249ec4833febc7,2db4a702a5f1f4efdbe6937f3c74baccd7f691faed07dc5e7e3ee5c5f3d5d934,REJECTED,True,0,VERIFIED_NEGATIVE_CONTROL
E,3,binary,16,"(3, 10, 17)","(1, 4, 7)",valid,82db0f10b9e12327efddc4b74f55fb645ea2495d2f7f4e409a4d4a55b4914c51,0bea97e598b513ab83ef21c2dc11bde4da7922176b165bccabc12d26a902e44c,ACCEPTED,False,10,COMPLETE_TYPE_VALIDATION
E,3,binary,16,"(3, 10, 17)","(1, 4, 7)",invalid_edge,36f3d619dcb53035a89d253690cab1ae9f20884f1cf83d87be368718bfde4ecf,fd30e6b30f592c30904dc7457708eed61f5fbe1df8d0c1c80a250ba37e5d6197,REJECTED,True,0,VERIFIED_NEGATIVE_CONTROL
E,3,ternary,3,"(2, 9, 16)","(1, 4, 7)",valid,91cb51b76f072c08718607753a52801ec1f6ae298e7a43e62635ba6731c6ab1a,a4d3fedf164d9ddc6d1b4d0b26af6a107bc6c9f33dba99c2f138f682f6768ce9,ACCEPTED,False,10,COMPLETE_TYPE_VALIDATION
E,3,ternary,3,"(2, 9, 16)","(1, 4, 7)",invalid_edge,e06938e4e482e1f53162c7002caaa8db9060b004100feca01eaee458c0071c82,c0cfb95b533b385dc8efcf6f437904eb7c84ce7cc2d7687e2771f022d1c04a07,REJECTED,True,0,VERIFIED_NEGATIVE_CONTROL
E,3,ternary,6,"(2, 9, 16)","(1, 4, 7)",valid,e52516d32ee9be25f23d896a51d16a6553dd2d7935f24401cc6da5717aa48847,0d15de5b9129ed84a101173981fc9198e0527d73a91f170c592606714c772d36,ACCEPTED,False,10,COMPLETE_TYPE_VALIDATION
E,3,ternary,6,"(2, 9, 16)","(1, 4, 7)",invalid_edge,6561a024256b143fdd310fe58ee48af0e01c5967d0afb1123c3c5814c08afa5b,207f15d094b14a48e4337fa6fb4162f0be742d91741878d3d8589c99fc80dfd3,REJECTED,True,0,VERIFIED_NEGATIVE_CONTROL
E,3,ternary,10,"(3, 10, 17)","(1, 4, 7)",valid,8402398f1a6935b70f8efe1202689ebd24612d69b8d7648b24f31199ecbad624,3cab7fbdeeb382ee9f5563dd7b9f65f474b72cd2b59f763ccb1e2917fa922418,ACCEPTED,False,10,COMPLETE_TYPE_VALIDATION
E,3,ternary,10,"(3, 10, 17)","(1, 4, 7)",invalid_edge,a59510ef3ae52497eb1bba61be146a3a04000228f7b1cec45c2582acc1147954,8107c9426a6835f091a85da008097680647c721aff41558aefc2ed8a91b73a10,REJECTED,True,0,VERIFIED_NEGATIVE_CONTROL
E,3,ternary,16,"(3, 10, 17)","(1, 4, 7)",valid,f839ff6ce477a1802049ca78067cfc444821e2d51a69224957d91bea51771d16,0f75913c96dd9dfae3239a853c233a089d589253c11b3bd67539b288f0a80cfd,ACCEPTED,False,10,COMPLETE_TYPE_VALIDATION
E,3,ternary,16,"(3, 10, 17)","(1, 4, 7)",invalid_edge,41dfe8b543c2dffa0ce06417f0ec2c0db1b88eb8dc5a0db5bf39064b41beb95b,1c2b584ea692753590d45595ce77d1ef823df217bc6dc3a7900150ac6edca433,REJECTED,True,0,VERIFIED_NEGATIVE_CONTROL
E,3,quaternary,3,"(2, 9, 16)","(1, 4, 7)",valid,409c7a8b0fd63a590cfdd99b3c3f3a6f32dffc1b3a6b846cee72e814e7345675,21b11f7994b4da964d5c6c8020142aace2f2098556eb61925d87a8c1fcedfb3c,ACCEPTED,False,10,COMPLETE_TYPE_VALIDATION
E,3,quaternary,3,"(2, 9, 16)","(1, 4, 7)",invalid_edge,5b8c984e45a284f6bc0b1b1d1c04b48bc4579b6e8ee4686859763f7e0b0bb96c,8003a3a22a87f8c2954f13aad62bafde963c97ad406aede098d9a0dc5462ef0c,REJECTED,True,0,VERIFIED_NEGATIVE_CONTROL
E,3,quaternary,6,"(2, 9, 16)","(1, 4, 7)",valid,9ca84d83bb9f8bb3803d353dee0acfaf333bcf009bb962a624fa263821b0eac2,015954acc3c76a8d1acea5bd26fc3d380f0281acd584ad013349ce557eb3c982,ACCEPTED,False,10,COMPLETE_TYPE_VALIDATION
E,3,quaternary,6,"(2, 9, 16)","(1, 4, 7)",invalid_edge,8de4337df0230b7d1c6291dafdc1916a37a5fa956b0748ca7435cac55dd466ae,53f282f412b08ffd816db53a0b984308b750ad86591c921a413a51ac9a921f9f,REJECTED,True,0,VERIFIED_NEGATIVE_CONTROL
E,3,quaternary,10,"(3, 10, 17)","(1, 4, 7)",valid,854c5f9a8222147754873b615aff9c6449a9960ef0a686fccfd6fd552f72f7ac,570acf03c4a98e54539d5f0dbf54dbd1c2d48ad825c72f40fd88b43255fb8436,ACCEPTED,False,10,COMPLETE_TYPE_VALIDATION
E,3,quaternary,10,"(3, 10, 17)","(1, 4, 7)",invalid_edge,e81a576958e1335a70d1f6f7c21528a840df516a8c058f7c87bce6d11610f3fe,6b95aa286759711c1a5c103e601ee65f2389a01064ee8212685402d7919cf5d5,REJECTED,True,0,VERIFIED_NEGATIVE_CONTROL
E,3,quaternary,16,"(3, 10, 17)","(1, 4, 7)",valid,56c8f9493fa97173e19257cb44a5b191a99cf09046ad9ade9ad4ce6f66d61912,6bd7aa6238f3a1bfa3cef85bcf3c4ccb8691bf5401f3b94946759da3eddf8925,ACCEPTED,False,10,COMPLETE_TYPE_VALIDATION
E,3,quaternary,16,"(3, 10, 17)","(1, 4, 7)",invalid_edge,144c570db717f439b64fd1878b6b61ae642c4c4bba27ab721c61f4173e5352cf,d023a23d625680aecf89dd60b41873f53f149c8ed861d5f2c49378c1a6f3c9f0,REJECTED,True,0,VERIFIED_NEGATIVE_CONTROL
E,3,mixed,3,"(2, 9, 16)","(1, 4, 7)",valid,d15a0bce71da0da1d2e5d71dffc04e7ff2422ab32c955624cb4b73ad9e23d4e4,7d7f051d24e5f78599b327fea13a988758266ac516d31bab4b94c9f42a79bc88,ACCEPTED,False,10,COMPLETE_TYPE_VALIDATION
E,3,mixed,3,"(2, 9, 16)","(1, 4, 7)",invalid_edge,e80b3a36e009bb33092c1a078e2b10b45a9c3fcd7f0477aa56f591e764da4756,3b2b69278f3b755c60934b4c9688102161e190d067d705283f92dc4c1a4a4c65,REJECTED,True,0,VERIFIED_NEGATIVE_CONTROL
E,3,mixed,6,"(2, 9, 16)","(1, 4, 7)",valid,0f7513f9961073698908a904dff640615d9c26d9b906045e9fce9fa3b935faac,255a7502c56c8e25e91eb22d511c2dc61164e20774e57842145d49238d0497fc,ACCEPTED,False,10,COMPLETE_TYPE_VALIDATION
E,3,mixed,6,"(2, 9, 16)","(1, 4, 7)",invalid_edge,33ef0a64f7bc19cb91ec42f6c92805f009b970b5e8912ee11d6b965c4a4800a3,b864e1c13efdd6f6060bf567a1e9ae6eb9ee7513900c659327fd2f1529401fff,REJECTED,True,0,VERIFIED_NEGATIVE_CONTROL
E,3,mixed,10,"(3, 10, 17)","(1, 4, 7)",valid,0275c315694c6c70d6fafde046ed602f30e90fad58916b38d86b35d6bc688b63,479ae664217dcca6f42aaef55cfb82daca5ca3e0f2487ee8ee2c842b75d571a1,ACCEPTED,False,10,COMPLETE_TYPE_VALIDATION
E,3,mixed,10,"(3, 10, 17)","(1, 4, 7)",invalid_edge,32a5fbf4f1a45f37c55a5438438e12d370f3e8e3346f883878af9f7a3ec329dc,6d13f7414148a459fa27cf389216cc1a5e4feacfb98d75c05ae0ea00facc372f,REJECTED,True,0,VERIFIED_NEGATIVE_CONTROL
E,3,mixed,16,"(3, 10, 17)","(1, 4, 7)",valid,d53b21f786393eefaea0ccc8157ad9d6fddeff9835bd3677b936a12d95e50705,27a38c92fa3401aba9249ba683be8fa3a4f24a7dbc1c5284280eb725898cd808,ACCEPTED,False,10,COMPLETE_TYPE_VALIDATION
E,3,mixed,16,"(3, 10, 17)","(1, 4, 7)",invalid_edge,986d3ce068e3cc6c66c3206d5e626debb122ba01be496d8f57105ce24eb7f5bd,085599836a4056f4e9ef19927bde0262c41c0976ce64cfe7ff0018fe12a51526,REJECTED,True,0,VERIFIED_NEGATIVE_CONTROL
E,4,binary,3,"(2, 9, 16, 23)","(1, 4, 7, 10)",valid,301e5f8dea29c1fc827033bab38527b13eff636c802711e8bd1b0d10d4923036,3966668682d9476e7c2bb72b85b113e384bbff766530688d971f467602e9d73b,ACCEPTED,False,10,COMPLETE_TYPE_VALIDATION
E,4,binary,3,"(2, 9, 16, 23)","(1, 4, 7, 10)",invalid_edge,f69ec5b9fa250dc7576add299490c7fbf571b2683b8a1d80b406d024a1c1a096,7e9238195dd7618ad56149443c360722cffc627eaff0331c8992280fc679ec5c,REJECTED,True,0,VERIFIED_NEGATIVE_CONTROL
E,4,binary,6,"(2, 9, 16, 23)","(1, 4, 7, 10)",valid,d3753f7d36e42e75d8dd7031b2c783431b546f2ab4b60dcaa8ec70df49efba6f,6cb8343f4cbbe43d64c2faefe6ae5685a3e9b81ca941d8bad653e466a954a541,ACCEPTED,False,10,COMPLETE_TYPE_VALIDATION
E,4,binary,6,"(2, 9, 16, 23)","(1, 4, 7, 10)",invalid_edge,94915f3326f6c7427a1c3ab52abb7b82451a4dcab01a63a01764304e95a8fabf,eb2e5436c60fa2daed705535324be77d0ece628feeefab4b6935434c058c8043,REJECTED,True,0,VERIFIED_NEGATIVE_CONTROL
E,4,binary,10,"(3, 10, 17, 24)","(1, 4, 7, 10)",valid,7ce76a14cf4b3fd26f59f93008566e12ea71a21a7d9b09747f9b8735354e1fef,3e1c69827028023ba2cf977513f7c6206870df89e645ddd38007e2747e1a295d,ACCEPTED,False,10,COMPLETE_TYPE_VALIDATION
E,4,binary,10,"(3, 10, 17, 24)","(1, 4, 7, 10)",invalid_edge,c7d949711b903f5f2084359cfd1117ee2ec9cc775d88712e81678e3b62c420e2,42c1a828fa70c38a27cfb513f42c6a13a702769d5f08f205abc461fa07a95388,REJECTED,True,0,VERIFIED_NEGATIVE_CONTROL
E,4,binary,16,"(3, 10, 17, 24)","(1, 4, 7, 10)",valid,1e1352d03260ab57809f1bc0070492b6b9565bffffa1d349ae28da08d408526b,61f7839f40e5c9364a3dcf20b6136cd5f7fbb1eea8abbd8310cb306f69892b27,ACCEPTED,False,10,COMPLETE_TYPE_VALIDATION
E,4,binary,16,"(3, 10, 17, 24)","(1, 4, 7, 10)",invalid_edge,06c0669b0b71758b4de01fa77c641ec520de6e10a36e6c83735ec5092a39accf,42dafc6d3357b393f19ec76ab421914404cf8780e46e990c3dee1797321d1f8f,REJECTED,True,0,VERIFIED_NEGATIVE_CONTROL
E,4,ternary,3,"(2, 9, 16, 23)","(1, 4, 7, 10)",valid,b6d4e235e00a34b83339a712201576cd5bdc9262bb00d23b8e7d82842357a6ec,bf88551487432606b58e3a53a75315fd7392bd138a4f7c9df6509283b509da66,ACCEPTED,False,10,COMPLETE_TYPE_VALIDATION
E,4,ternary,3,"(2, 9, 16, 23)","(1, 4, 7, 10)",invalid_edge,4401650d6e4034ca416d73654fd94aed0b6a397a2041cee93406a01c66723d57,37e53f3f8567ffe73d276aa05adae910482fb75b65a4fdd0cd6059dff3d0340e,REJECTED,True,0,VERIFIED_NEGATIVE_CONTROL
E,4,ternary,6,"(2, 9, 16, 23)","(1, 4, 7, 10)",valid,06c2bb6be0b30e4b8e9606a3b2bd5a08b2411dc9b7f83c43aa7974105e045801,78a543a670f3d4aca865c64fb7311c6baacd63b26385f9de191264ea20504d0a,ACCEPTED,False,10,COMPLETE_TYPE_VALIDATION
E,4,ternary,6,"(2, 9, 16, 23)","(1, 4, 7, 10)",invalid_edge,cf82a31797595f6216986b2f317f491a597b4eb2e9b3e256065809cebac393d0,a63f096815be3c10ce685fd3604f3812742b9f24d390b6ff7e634098c0f50d37,REJECTED,True,0,VERIFIED_NEGATIVE_CONTROL
E,4,ternary,10,"(3, 10, 17, 24)","(1, 4, 7, 10)",valid,31ecfa0cb93ef0dd7653b2b96874ddd0c390d59814941fee840077560b914218,185752bac69bd26c42cbdfc1ba440f9fb281155c271515f05164d13bbae25a61,ACCEPTED,False,10,COMPLETE_TYPE_VALIDATION
E,4,ternary,10,"(3, 10, 17, 24)","(1, 4, 7, 10)",invalid_edge,2187dc46e531764f1f1528e34db18d3a64f38484fc1b2487443a24c9998f129c,8e6899a53dc3678c0c8ce9add769c926c434fa8e4b261111802fa8c0bfe85c05,REJECTED,True,0,VERIFIED_NEGATIVE_CONTROL
E,4,ternary,16,"(3, 10, 17, 24)","(1, 4, 7, 10)",valid,d60b07ddb92d6e93886d4c7ed617032fbefe94a811cd5d001427383ea1ab4953,8f99625c5c63958a82752c20713c392dc503246408d800e9c273166787ae41d9,ACCEPTED,False,10,COMPLETE_TYPE_VALIDATION
E,4,ternary,16,"(3, 10, 17, 24)","(1, 4, 7, 10)",invalid_edge,8cb07e811a969877f8574d4467791d2db9aca3f942b38abefa61d91cd1c8f7c9,bc280bc6338f60d6385237035ecf43a53a90468c98670d27b311e3e93bbe4190,REJECTED,True,0,VERIFIED_NEGATIVE_CONTROL
E,4,quaternary,3,"(2, 9, 16, 23)","(1, 4, 7, 10)",valid,cc7fc843a5452c77ad428f38584d80595d8eabdc1fd71fe4b4abd24615236f41,a905b08485fb19cc8da5e38fa144e564d5a7ee98caa7ccf8fad518f2cf947752,ACCEPTED,False,10,COMPLETE_TYPE_VALIDATION
E,4,quaternary,3,"(2, 9, 16, 23)","(1, 4, 7, 10)",invalid_edge,87a5ca072e3c5a5d2bef2219bb4716b417ab99496baca99bfa8e50ff13419106,816d58bef716ecc87b278e7b3415cdc39ad507de110a3d65fb0645ca160c5f57,REJECTED,True,0,VERIFIED_NEGATIVE_CONTROL
E,4,quaternary,6,"(2, 9, 16, 23)","(1, 4, 7, 10)",valid,cc2ef2bed149985d0dffca730f165b0a30c8572316f42cda4beeae33f73971fa,a7c1566fe0918d0adf2de1d9e346e17551248e5d498570c9fdd954973fd7589d,ACCEPTED,False,10,COMPLETE_TYPE_VALIDATION
E,4,quaternary,6,"(2, 9, 16, 23)","(1, 4, 7, 10)",invalid_edge,6a427c5b25c6467e97db305838d9ce8ddecfeaca66a1b752ee9dea68ad111563,50ae13db537d361f4cf29370d7547a02a280eee3fd762e0b510dd1e97818d96c,REJECTED,True,0,VERIFIED_NEGATIVE_CONTROL
E,4,quaternary,10,"(3, 10, 17, 24)","(1, 4, 7, 10)",valid,1787b20942c53eb039f6820b53d004f250c9c5f5b6454c7382e1e53b6b86fb9e,9d126217e34aa426db90f35b95b5480a798ca6d2bee5c0730535a642a5c5a553,ACCEPTED,False,10,COMPLETE_TYPE_VALIDATION
E,4,quaternary,10,"(3, 10, 17, 24)","(1, 4, 7, 10)",invalid_edge,236d9dfcace572ffe2565f2cf95b9c7d6a95adacd928873144aee03fda353c39,85e4297894fc5c1fde84503900160ebdf0a84ba38d35ba653e8eb8ad3215e0de,REJECTED,True,0,VERIFIED_NEGATIVE_CONTROL
E,4,quaternary,16,"(3, 10, 17, 24)","(1, 4, 7, 10)",valid,432ab379f25a447961042dd3e37cb3055cf8ced164dac64d436cafb115f91271,5a1354b431b66a26f99f489f19b669bf3540349e29978eee1a68292308b05af7,ACCEPTED,False,10,COMPLETE_TYPE_VALIDATION
E,4,quaternary,16,"(3, 10, 17, 24)","(1, 4, 7, 10)",invalid_edge,ac9f8af5bab86c6442f493d357e60de24ccf3948af2043e5b75479a3a1d34640,b3a0532f7cb0cf5df9aba82c831a854a5f49797fba3a2d27760629bb97363bc3,REJECTED,True,0,VERIFIED_NEGATIVE_CONTROL
E,4,mixed,3,"(2, 9, 16, 23)","(1, 4, 7, 10)",valid,dd8b59774430a7e1f5d8ae59ff3ef214cd40080ce517b72f61700a745e013e77,445fec89298c251723cef36e140ee45b30d243f34dec7e29d3106c20ced7d904,ACCEPTED,False,10,COMPLETE_TYPE_VALIDATION
E,4,mixed,3,"(2, 9, 16, 23)","(1, 4, 7, 10)",invalid_edge,66e93baded250afc914269de9ae9b3ebd2ce1d925ecba83bb872cd8f190acba8,946faf9e2b26c1abf9ba5cf5ba93663533e2e872ed22c8bb16aacaa96fcbf09d,REJECTED,True,0,VERIFIED_NEGATIVE_CONTROL
E,4,mixed,6,"(2, 9, 16, 23)","(1, 4, 7, 10)",valid,5bdea2a58587985bdacc473c3af2897dfdfd6fd565879000c62373fc41f743cb,109a21fc80436e7921be0046871fc8e4b4b6dcd930a01c55fd214b3fdc767c30,ACCEPTED,False,10,COMPLETE_TYPE_VALIDATION
E,4,mixed,6,"(2, 9, 16, 23)","(1, 4, 7, 10)",invalid_edge,7f2151b789ed16a2b6ee593d7a52b5dc78f93b23ff44a150df1f953a6b2f61d2,380daba6e4e2d6c7f78835a0e267aef5b7a90caf552f1761de96e916978cc28e,REJECTED,True,0,VERIFIED_NEGATIVE_CONTROL
E,4,mixed,10,"(3, 10, 17, 24)","(1, 4, 7, 10)",valid,5b4b2013cd3e7d5005a409f965d504a7347ad5b2de727d75d4cb4a7bd07932c4,2f41a05a8e8048849fd1e41beec31964bf38912ee16a454308195d25f42a22ed,ACCEPTED,False,10,COMPLETE_TYPE_VALIDATION
E,4,mixed,10,"(3, 10, 17, 24)","(1, 4, 7, 10)",invalid_edge,5fed4ae1753d975891f94657459022406c402349b585f2d2820d2bfd0e85c3cc,339877416dc3cbf7f95936860aed0f7f693bd5781a75bc0b67554d9df76c2ba2,REJECTED,True,0,VERIFIED_NEGATIVE_CONTROL
E,4,mixed,16,"(3, 10, 17, 24)","(1, 4, 7, 10)",valid,4f9d3b66ce36fa7a11e051772a99aae670357a75c56a5c39ee947fd9ac97da4c,d2c42d687489400afc66e72fc9320e26f9845caf6339cd1000b400957974600c,ACCEPTED,False,10,COMPLETE_TYPE_VALIDATION
E,4,mixed,16,"(3, 10, 17, 24)","(1, 4, 7, 10)",invalid_edge,bb7e724b87f96a9d45c1b3f390f6273763c9e1e4134a2a9852f9eb43c0fcfd99,49db9c29fe064fd1cb0a2e307c1e34f2da5aeeeb570df4b2e34052aa6e9d874b,REJECTED,True,0,VERIFIED_NEGATIVE_CONTROL
