block,precision,case,scientific_instance_hash,field,eta,projected_error,residual,backward_error,condition_estimate,optimizer_stability,bound_violation_margin,cpu_gpu_parity,seed_count_required,status
I,float32,small_exact,f1138dda7f447fbd27bd4effb09817b397c1339aa209834ae559fb8259686720,real,0.1,0.05930000069946617,6.994662626880199e-10,6.994662626880199e-10,10.0,,0.24069999930053387,1.120220038952624e-08,10,COMPLETE_PRECISION_INSTANCE
I,float32,ill_conditioned,3d46f0b28a1850e8f36ee0e1d089359a6d9e9f788fa302e878ef26c149b235a8,real,1e-08,6.661338147750939e-16,0.0,0.0,100000000.0,,2.999999933386619e-08,0.0,10,COMPLETE_PRECISION_INSTANCE
I,float32,near_bound,84501c7335b343f6c35793ad302988b9ad7175b44707648491b678399ba42725,real,0.001,5.999993847871643e-06,8.47877323906232e-13,8.47877323906232e-13,1000.0,,0.0029940000061521284,1.3642420526593924e-12,10,COMPLETE_PRECISION_INSTANCE
I,float32,optimizer_stability,464dbab32a63eac9b38c663e03857b173236fa89c49644f75a6f5d7ba8411d01,real,0.5,1.0624999596164795,4.0383520527598193e-08,3.8008019320092415e-08,2.0,,0.4375000403835205,1.922112502494855e-08,10,COMPLETE_PRECISION_INSTANCE
I,float64,small_exact,8b968826b7cf2f3cbbaaabccfd8511863fe2e9d615e123055a858edc2698749a,real,0.1,0.05929999999999991,0.0,0.0,10.0,,0.24070000000000014,0.0,10,COMPLETE_PRECISION_INSTANCE
I,float64,ill_conditioned,cb6d55416674a8b9b6668eb9173059725f6ddf68c3a3f0372393b2ac50b3704e,real,1e-08,6.661338147750939e-16,0.0,0.0,100000000.0,,2.999999933386619e-08,0.0,10,COMPLETE_PRECISION_INSTANCE
I,float64,near_bound,9fee9a56283b685c1a21abc02fd57e554b4d15f77626f879dce0c23be33ccf09,real,0.001,5.999992999994319e-06,0.0,0.0,1000.0,,0.0029940000070000057,0.0,10,COMPLETE_PRECISION_INSTANCE
I,float64,optimizer_stability,ba3864b10c4301e500ca77074e3985a37894d819931873da1b453a72e48f934d,real,0.5,1.0625,0.0,0.0,2.0,,0.4375,0.0,10,COMPLETE_PRECISION_INSTANCE
I,complex64,small_exact,244cf4e82570d63a19bc9f55466067d9635dbef7555755f0c536f55712c86498,complex,0.1,0.05930000069946617,6.994662626880199e-10,6.994662626880199e-10,10.0,,0.24069999930053387,1.120220038952624e-08,10,COMPLETE_PRECISION_INSTANCE
I,complex64,ill_conditioned,7f448a45dc254282b9cfa4902869f3dee1f524a1ae309afe3f8d85a511fdf3d3,complex,1e-08,6.661338147750939e-16,0.0,0.0,100000000.0,,2.999999933386619e-08,0.0,10,COMPLETE_PRECISION_INSTANCE
I,complex64,near_bound,639a06826de2c8745583e94eea492f003da6eec23dc3fcaceed5e5046c8c9661,complex,0.001,5.999993847871643e-06,8.47877323906232e-13,8.47877323906232e-13,1000.0,,0.0029940000061521284,1.3642420526593924e-12,10,COMPLETE_PRECISION_INSTANCE
I,complex64,optimizer_stability,2eaf4fd87cff428f47d98e0ad74733c027a337bc518412ac5ba238b3d3ca08bb,complex,0.5,1.0624999596164795,4.0383520527598193e-08,3.8008019320092415e-08,2.0,,0.4375000403835205,1.922112502494855e-08,10,COMPLETE_PRECISION_INSTANCE
I,complex128,small_exact,bf3281b18bec0ab53884d8c85448ccb60ba43bc0be6e8e1d3f083254a7e3a972,complex,0.1,0.05929999999999991,0.0,0.0,10.0,,0.24070000000000014,0.0,10,COMPLETE_PRECISION_INSTANCE
I,complex128,ill_conditioned,e584a1b47befe16cd10921354668c607413881199847a582bc5c4fc05971bef9,complex,1e-08,6.661338147750939e-16,0.0,0.0,100000000.0,,2.999999933386619e-08,0.0,10,COMPLETE_PRECISION_INSTANCE
I,complex128,near_bound,c1fa0e8c1f92dc86c62fbfa2873d6091e9595b65b7b85509ce92f856be6f4132,complex,0.001,5.999992999994319e-06,0.0,0.0,1000.0,,0.0029940000070000057,0.0,10,COMPLETE_PRECISION_INSTANCE
I,complex128,optimizer_stability,afac6718a0e8a6eedaf1b4eab0f4eb60b28c12c30bf6599b8c5c55c9aa64ba2e,complex,0.5,1.0625,0.0,0.0,2.0,,0.4375,0.0,10,COMPLETE_PRECISION_INSTANCE
I,arbitrary_precision,small_exact,d3b2256f0adda4349efea0762ed5931e1019ae6b51acc7b31e6be5c7658e2499,real,0.1,0.0593,0.0,0.0,10.0,,0.24070000000000005,,10,COMPLETE_PRECISION_INSTANCE
I,arbitrary_precision,ill_conditioned,20851c262cd0d7ada6a7ba7f7a7b25c68e182d226258aca14c63250931e70fd0,real,1e-08,5.999999999999998e-16,0.0,0.0,100000000.0,,2.999999940000001e-08,,10,COMPLETE_PRECISION_INSTANCE
I,arbitrary_precision,near_bound,c3729d00bef2ee0eda22c926e95852359e458055aa35770b8ec019ddf68cef3e,real,0.001,5.999992999999999e-06,0.0,0.0,1000.0,,0.002994000007,,10,COMPLETE_PRECISION_INSTANCE
I,arbitrary_precision,optimizer_stability,c6c0b9706f5f06516a96b1eaebecd13636934a18f029fc82c6061f06a09db0c8,real,0.5,1.0625,2.220446049250313e-16,2.0898315757650005e-16,2.0,,0.4375,,10,COMPLETE_PRECISION_INSTANCE
I,exact_rational,small_exact,d7a146ab5f7b283c84b5e4d42effe70625647e39e051fe5efde243f3d8fbda95,real,0.6,1.2528,0.0,0.0,1.6666666666666667,,0.5471999999999999,,10,COMPLETE_PRECISION_INSTANCE
I,exact_rational,ill_conditioned,564da80dd6c9b9c96a180437c25a92041a4a65d9b9feb07b51826070206662e1,real,0.6,1.2528,0.0,0.0,1.6666666666666667,,0.5471999999999999,,10,COMPLETE_PRECISION_INSTANCE
I,exact_rational,near_bound,a0276f2300dcb29a918fa49fed00a82940972956381e278a55db4ce58aedc0b4,real,0.6,1.2528,0.0,0.0,1.6666666666666667,,0.5471999999999999,,10,COMPLETE_PRECISION_INSTANCE
I,exact_rational,optimizer_stability,0f2aeed2cce07ed4671b577aa4aa0fc8dd7601aaf2db0d0919a2a35b8220e19f,real,0.6,1.2528,0.0,0.0,1.6666666666666667,,0.5471999999999999,,10,COMPLETE_PRECISION_INSTANCE
