block,internal_nodes,topology,eta,scientific_instance_hash,tree_hash,leakage_masks_executed,full_mask_projected_error,full_mask_ambient_error,sum_main_effects,sum_shapley,shapley_efficiency_residual,maximum_abs_pair_interaction,constructive_alignment,status
F,1,comb,0.1,5191796560cdc62a11a778ccddfe1cac22d60bbc7c153144449bd76dd9cbcb83,d753d020b326b296e24952e6449780937680175dff21ff3dab522f77b2d923ea,2,0.0,0.1,0.0,0.0,0.0,0.0,False,COMPLETE_ALL_LEAKAGE_MASKS
F,1,balanced,0.1,d0cf7d4bd81ce10d234e93dceb504e5c80b27eb2b65bf4fcb2de909c0b37503b,d753d020b326b296e24952e6449780937680175dff21ff3dab522f77b2d923ea,2,0.0,0.1,0.0,0.0,0.0,0.0,False,COMPLETE_ALL_LEAKAGE_MASKS
F,1,two_branch,0.1,d23149fb4a0c6ca6a4667d5d4e52fe183fa210bba0ed7d801335ba6cb234104a,d753d020b326b296e24952e6449780937680175dff21ff3dab522f77b2d923ea,2,0.0,0.1,0.0,0.0,0.0,0.0,False,COMPLETE_ALL_LEAKAGE_MASKS
F,2,comb,0.1,9cf7d8991672d6b8ce47982ca3a01979f9b5dab4f57e3eeb687944cdca608abb,e5568d69ce97d8e31cac256c37711124b90f1898ab444ad4714384d02c31f5da,4,0.010000000000000009,0.19924858845171275,0.0,0.010000000000000009,0.0,0.010000000000000009,False,COMPLETE_ALL_LEAKAGE_MASKS
F,2,balanced,0.1,2f36da1da4fd67c5d3b54771cca9788d9f9ef4a50c7ccf870aa7000362ac8dcf,e5568d69ce97d8e31cac256c37711124b90f1898ab444ad4714384d02c31f5da,4,0.010000000000000009,0.19924858845171275,0.0,0.010000000000000009,0.0,0.010000000000000009,False,COMPLETE_ALL_LEAKAGE_MASKS
F,2,two_branch,0.1,46c3031b7e3274198657ef4b9ab692c198e23024a4384b0390277f451f0e6ed1,a24dc0857504ae86635ee7d90963f7984987f7d6225182502c6f1cce8f466647,4,0.0,0.099498743710662,0.0,0.0,0.0,0.0,False,COMPLETE_ALL_LEAKAGE_MASKS
F,3,comb,0.1,aa6563beb2d87dfcbd79c30686e1cf101eeca431b623140e542c35dd760a16b6,038a9ec6f7cd5df5184b943fec3ad730920441b925da19ac30283a904b9ff2b9,8,0.02984962311319861,0.29750126050153136,0.0,0.02984962311319861,0.0,0.010000000000000009,False,COMPLETE_ALL_LEAKAGE_MASKS
F,3,balanced,0.1,2d585e2cb25b3bce896b9727c8ef5e9f8ddb901f7e428851252b13b9014cc227,f77fcc8e56b0d33238e712f1f870fcdb828dd685b804622ef1bf7414de093c28,8,0.009949874371066203,0.19824984237068136,0.0,0.009949874371066201,1.734723475976807e-18,0.010000000000000009,False,COMPLETE_ALL_LEAKAGE_MASKS
F,3,two_branch,0.1,a4b9e287879295e46370451fa6e807dfa607bac7db969fb00fbc9b9a4ebd104c,f77fcc8e56b0d33238e712f1f870fcdb828dd685b804622ef1bf7414de093c28,8,0.009949874371066203,0.19824984237068136,0.0,0.009949874371066201,1.734723475976807e-18,0.010000000000000009,False,COMPLETE_ALL_LEAKAGE_MASKS
F,4,comb,0.1,46333b4e7e331c1ccb66c0a9cd2a45ce0f67e510c506f7e24127752f39656d78,da2fc02433f7988217c90dcd14662d3166942b3408905a7affb0b4eb34db7263,16,0.05929999999999991,0.3945172366323175,0.0,0.05929999999999991,0.0,0.010000000000000009,False,COMPLETE_ALL_LEAKAGE_MASKS
F,4,balanced,0.1,48f71f4c6148c6071a31d346e10400751c297637f1d8efe61aa5e4e6866b3f27,61e885a698d4cd50dd217a02e33c2fdde9608a5a64ee45893b7046f64a364ebf,16,0.02969999999999995,0.2960100167224076,0.0,0.029699999999999945,3.469446951953614e-18,0.010000000000000009,False,COMPLETE_ALL_LEAKAGE_MASKS
F,4,two_branch,0.1,663cb8b58382267e954be406440600f5f4ca0921dfc345d3f45a54fb7bc91c5f,c49bc82e43739a6b5ffc5afb296dd7afc32726f99c2bda873e6dccebbd75ee5d,16,0.00990000000000002,0.19725610256719564,0.0,0.00990000000000002,0.0,0.010000000000000009,False,COMPLETE_ALL_LEAKAGE_MASKS
F,5,comb,0.1,afc959d6b5144bee9f64f758edcf6734ab1c71bc77b44bf9cea0ed73db943418,87d4d13a9493b3c4bd2c354a70ea108caf18a473310c6bebb43691066c95a332,32,0.09800626255500189,0.49006005050401735,0.0,0.09800626255500189,0.0,0.010000000000000009,False,COMPLETE_ALL_LEAKAGE_MASKS
F,5,balanced,0.1,d96cdffe1735cb4a9f686d39dcf794cf001c83849d526d4a6c397f26db1242ca,73a962c3fd59328c00a611de636ef5303eceb2f3922424c0e5bc180e646f1fcf,32,0.03910300627829011,0.29270369232382437,0.0,0.039103006278290116,6.938893903907228e-18,0.010000000000000009,False,COMPLETE_ALL_LEAKAGE_MASKS
F,5,two_branch,0.1,4ba621e3d3ba922b2b068c5808a70589f0724a0bb0c7278545cdeaa68346fd64,d01c2bac997a3cb596bfb3017a2ed7f6be667e0ed46e53f5213339cec69b6661,32,0.009850375627355468,0.1962673439469745,0.0,0.009850375627355468,0.0,0.010000000000000009,False,COMPLETE_ALL_LEAKAGE_MASKS
F,6,comb,0.1,2c8fbacfb9f3eaf732778c07faad2b94d663e5a387e8d82150d396c2aaf66009,f6a6965840bb2c56b8909c5c7904f2fb283f27f07bf9c8fec527718f6b661fd2,64,0.14553099999999985,0.5838981230805593,0.0,0.14553099999999985,0.0,0.010000000000000009,False,COMPLETE_ALL_LEAKAGE_MASKS
F,6,balanced,0.1,7ad08808819888d6b1c46ec8a1dda1d637337fdb47dba58fe6af5241ab0bea91,cbbdb5f1f5dee2b1c8dae3d22a8b7f36a4a67fd046f00887dfbf359c2e232ef4,64,0.038906999999999914,0.2912364966569266,0.0,0.038906999999999914,0.0,0.010000000000000009,False,COMPLETE_ALL_LEAKAGE_MASKS
F,6,two_branch,0.1,be5cccf44a9de2f7772ff3554f4d121d09f3283c47843e034348f892c3536056,bc16e670610c02f923048cdb4f36e6d6e347f0acd73ea07b29f99ec6501639da,64,0.019503000000000048,0.19404992500127385,0.0,0.019503000000000048,0.0,0.010000000000000009,False,COMPLETE_ALL_LEAKAGE_MASKS
F,7,comb,0.1,03f42b416d227eeb0351ac02e14aabca5d6012a2300bc59d6229281b6c76dca6,450341b92fc9ae28541c07ed1a198239a4d8b01f1b2720960d86e07709df377b,128,0.2013486427352067,0.67580532169869,0.0,0.20134864273520678,8.326672684688674e-17,0.010000000000000009,False,COMPLETE_ALL_LEAKAGE_MASKS
F,7,balanced,0.1,b524671dd3e03a37f18fc5f2c62147e38972ff22d3c62cffe551cbac20a7f4b4,97c485672e6dd0fea2b6f71425954af87510834058f20e4ea67add6724d1fad9,128,0.03871197621550726,0.2897766554005861,0.0,0.03871197621550727,6.938893903907228e-18,0.010000000000000009,False,COMPLETE_ALL_LEAKAGE_MASKS
F,7,two_branch,0.1,f5bc7c2f0fb4dd4abfa65be11a4de4618fddb14fbac9ee636e8dfb1d65faa3f9,97c485672e6dd0fea2b6f71425954af87510834058f20e4ea67add6724d1fad9,128,0.03871197621550726,0.2897766554005861,0.0,0.03871197621550727,6.938893903907228e-18,0.010000000000000009,False,COMPLETE_ALL_LEAKAGE_MASKS
F,8,comb,0.1,6929de7ac13966a354c0df2d6cd1fdb530fe7ada340184d1ccca5c6465213c54,9588bc22dc001b2809f58d2acb767675a6db6407ec6095da7dfae50169e1b1e7,256,0.2648507299999998,0.765561502780315,0.0,0.2648507299999999,1.1102230246251565e-16,0.010000000000000009,False,COMPLETE_ALL_LEAKAGE_MASKS
F,8,balanced,0.1,7f0258c85005a52ff5c578510a384a0ab2b2287ee411cf61d24ba536fb6cc6c1,d18a6d36d183228618521e28e6971898bb7387d22b68ff47a494258df4de13c9,256,0.06723584999999987,0.3843388141340879,0.0,0.06723584999999986,1.3877787807814457e-17,0.010000000000000009,False,COMPLETE_ALL_LEAKAGE_MASKS
F,8,two_branch,0.1,ef6809446ede1d0590feb4fac84d27882cd03768e9add3b7bfa911b16b61b365,5920e491f92232cc138e4f67f308e1de938fed4ed432f2a27d5178b6c2dd1363,256,0.03851792999999992,0.2883241316903573,0.0,0.038517929999999916,6.938893903907228e-18,0.010000000000000009,False,COMPLETE_ALL_LEAKAGE_MASKS
