tree_hash,internal_nodes,topology,node_index,main_effect,shapley_projected,full_mask_projected_error
d753d020b326b296e24952e6449780937680175dff21ff3dab522f77b2d923ea,1,comb,0,0.0,0.0,0.0
d753d020b326b296e24952e6449780937680175dff21ff3dab522f77b2d923ea,1,balanced,0,0.0,0.0,0.0
d753d020b326b296e24952e6449780937680175dff21ff3dab522f77b2d923ea,1,two_branch,0,0.0,0.0,0.0
e5568d69ce97d8e31cac256c37711124b90f1898ab444ad4714384d02c31f5da,2,comb,0,0.0,0.0050000000000000044,0.010000000000000009
e5568d69ce97d8e31cac256c37711124b90f1898ab444ad4714384d02c31f5da,2,comb,1,0.0,0.0050000000000000044,0.010000000000000009
e5568d69ce97d8e31cac256c37711124b90f1898ab444ad4714384d02c31f5da,2,balanced,0,0.0,0.0050000000000000044,0.010000000000000009
e5568d69ce97d8e31cac256c37711124b90f1898ab444ad4714384d02c31f5da,2,balanced,1,0.0,0.0050000000000000044,0.010000000000000009
a24dc0857504ae86635ee7d90963f7984987f7d6225182502c6f1cce8f466647,2,two_branch,0,0.0,0.0,0.0
a24dc0857504ae86635ee7d90963f7984987f7d6225182502c6f1cce8f466647,2,two_branch,1,0.0,0.0,0.0
038a9ec6f7cd5df5184b943fec3ad730920441b925da19ac30283a904b9ff2b9,3,comb,0,0.0,0.009949874371066203,0.02984962311319861
038a9ec6f7cd5df5184b943fec3ad730920441b925da19ac30283a904b9ff2b9,3,comb,1,0.0,0.009949874371066203,0.02984962311319861
038a9ec6f7cd5df5184b943fec3ad730920441b925da19ac30283a904b9ff2b9,3,comb,2,0.0,0.009949874371066203,0.02984962311319861
f77fcc8e56b0d33238e712f1f870fcdb828dd685b804622ef1bf7414de093c28,3,balanced,0,0.0,0.0049832914570220686,0.009949874371066203
f77fcc8e56b0d33238e712f1f870fcdb828dd685b804622ef1bf7414de093c28,3,balanced,1,0.0,0.0049832914570220686,0.009949874371066203
f77fcc8e56b0d33238e712f1f870fcdb828dd685b804622ef1bf7414de093c28,3,balanced,2,0.0,-1.67085429779353e-05,0.009949874371066203
f77fcc8e56b0d33238e712f1f870fcdb828dd685b804622ef1bf7414de093c28,3,two_branch,0,0.0,0.0049832914570220686,0.009949874371066203
f77fcc8e56b0d33238e712f1f870fcdb828dd685b804622ef1bf7414de093c28,3,two_branch,1,0.0,0.0049832914570220686,0.009949874371066203
f77fcc8e56b0d33238e712f1f870fcdb828dd685b804622ef1bf7414de093c28,3,two_branch,2,0.0,-1.67085429779353e-05,0.009949874371066203
da2fc02433f7988217c90dcd14662d3166942b3408905a7affb0b4eb34db7263,4,comb,0,0.0,0.014824999999999977,0.05929999999999991
da2fc02433f7988217c90dcd14662d3166942b3408905a7affb0b4eb34db7263,4,comb,1,0.0,0.014824999999999977,0.05929999999999991
da2fc02433f7988217c90dcd14662d3166942b3408905a7affb0b4eb34db7263,4,comb,2,0.0,0.014824999999999977,0.05929999999999991
da2fc02433f7988217c90dcd14662d3166942b3408905a7affb0b4eb34db7263,4,comb,3,0.0,0.014824999999999977,0.05929999999999991
61e885a698d4cd50dd217a02e33c2fdde9608a5a64ee45893b7046f64a364ebf,4,balanced,0,0.0,0.00991664572851102,0.02969999999999995
61e885a698d4cd50dd217a02e33c2fdde9608a5a64ee45893b7046f64a364ebf,4,balanced,1,0.0,0.00991664572851102,0.02969999999999995
61e885a698d4cd50dd217a02e33c2fdde9608a5a64ee45893b7046f64a364ebf,4,balanced,2,0.0,0.00991664572851102,0.02969999999999995
61e885a698d4cd50dd217a02e33c2fdde9608a5a64ee45893b7046f64a364ebf,4,balanced,3,0.0,-4.9937185533116546e-05,0.02969999999999995
c49bc82e43739a6b5ffc5afb296dd7afc32726f99c2bda873e6dccebbd75ee5d,4,two_branch,0,0.0,0.004966645728511039,0.00990000000000002
c49bc82e43739a6b5ffc5afb296dd7afc32726f99c2bda873e6dccebbd75ee5d,4,two_branch,1,0.0,0.004966645728511039,0.00990000000000002
c49bc82e43739a6b5ffc5afb296dd7afc32726f99c2bda873e6dccebbd75ee5d,4,two_branch,2,0.0,-1.6645728511029596e-05,0.00990000000000002
c49bc82e43739a6b5ffc5afb296dd7afc32726f99c2bda873e6dccebbd75ee5d,4,two_branch,3,0.0,-1.6645728511029596e-05,0.00990000000000002
87d4d13a9493b3c4bd2c354a70ea108caf18a473310c6bebb43691066c95a332,5,comb,0,0.0,0.019601252511000377,0.09800626255500189
87d4d13a9493b3c4bd2c354a70ea108caf18a473310c6bebb43691066c95a332,5,comb,1,0.0,0.019601252511000377,0.09800626255500189
87d4d13a9493b3c4bd2c354a70ea108caf18a473310c6bebb43691066c95a332,5,comb,2,0.0,0.019601252511000377,0.09800626255500189
87d4d13a9493b3c4bd2c354a70ea108caf18a473310c6bebb43691066c95a332,5,comb,3,0.0,0.019601252511000377,0.09800626255500189
87d4d13a9493b3c4bd2c354a70ea108caf18a473310c6bebb43691066c95a332,5,comb,4,0.0,0.019601252511000377,0.09800626255500189
73a962c3fd59328c00a611de636ef5303eceb2f3922424c0e5bc180e646f1fcf,5,balanced,0,0.0,0.009817259547062427,0.03910300627829011
73a962c3fd59328c00a611de636ef5303eceb2f3922424c0e5bc180e646f1fcf,5,balanced,1,0.0,0.009817259547062427,0.03910300627829011
73a962c3fd59328c00a611de636ef5303eceb2f3922424c0e5bc180e646f1fcf,5,balanced,2,0.0,0.009817259547062427,0.03910300627829011
73a962c3fd59328c00a611de636ef5303eceb2f3922424c0e5bc180e646f1fcf,5,balanced,3,0.0,0.004825613818551417,0.03910300627829011
73a962c3fd59328c00a611de636ef5303eceb2f3922424c0e5bc180e646f1fcf,5,balanced,4,0.0,0.004825613818551417,0.03910300627829011
d01c2bac997a3cb596bfb3017a2ed7f6be667e0ed46e53f5213339cec69b6661,5,two_branch,0,0.0,0.0049500625625777065,0.009850375627355468
d01c2bac997a3cb596bfb3017a2ed7f6be667e0ed46e53f5213339cec69b6661,5,two_branch,1,0.0,0.0049500625625777065,0.009850375627355468
d01c2bac997a3cb596bfb3017a2ed7f6be667e0ed46e53f5213339cec69b6661,5,two_branch,2,0.0,-1.6583165933333385e-05,0.009850375627355468
d01c2bac997a3cb596bfb3017a2ed7f6be667e0ed46e53f5213339cec69b6661,5,two_branch,3,0.0,-1.658316593330563e-05,0.009850375627355468
d01c2bac997a3cb596bfb3017a2ed7f6be667e0ed46e53f5213339cec69b6661,5,two_branch,4,0.0,-1.658316593330563e-05,0.009850375627355468
f6a6965840bb2c56b8909c5c7904f2fb283f27f07bf9c8fec527718f6b661fd2,6,comb,0,0.0,0.02425516666666664,0.14553099999999985
f6a6965840bb2c56b8909c5c7904f2fb283f27f07bf9c8fec527718f6b661fd2,6,comb,1,0.0,0.02425516666666664,0.14553099999999985
f6a6965840bb2c56b8909c5c7904f2fb283f27f07bf9c8fec527718f6b661fd2,6,comb,2,0.0,0.02425516666666664,0.14553099999999985
f6a6965840bb2c56b8909c5c7904f2fb283f27f07bf9c8fec527718f6b661fd2,6,comb,3,0.0,0.02425516666666664,0.14553099999999985
f6a6965840bb2c56b8909c5c7904f2fb283f27f07bf9c8fec527718f6b661fd2,6,comb,4,0.0,0.02425516666666664,0.14553099999999985
f6a6965840bb2c56b8909c5c7904f2fb283f27f07bf9c8fec527718f6b661fd2,6,comb,5,0.0,0.02425516666666664,0.14553099999999985
cbbdb5f1f5dee2b1c8dae3d22a8b7f36a4a67fd046f00887dfbf359c2e232ef4,6,balanced,0,0.0,0.009784541708385124,0.038906999999999914
cbbdb5f1f5dee2b1c8dae3d22a8b7f36a4a67fd046f00887dfbf359c2e232ef4,6,balanced,1,0.0,0.009784541708385124,0.038906999999999914
cbbdb5f1f5dee2b1c8dae3d22a8b7f36a4a67fd046f00887dfbf359c2e232ef4,6,balanced,2,0.0,0.009784541708385124,0.038906999999999914
cbbdb5f1f5dee2b1c8dae3d22a8b7f36a4a67fd046f00887dfbf359c2e232ef4,6,balanced,3,0.0,-6.578391928606097e-05,0.038906999999999914
cbbdb5f1f5dee2b1c8dae3d22a8b7f36a4a67fd046f00887dfbf359c2e232ef4,6,balanced,4,0.0,0.004809579397065301,0.038906999999999914
cbbdb5f1f5dee2b1c8dae3d22a8b7f36a4a67fd046f00887dfbf359c2e232ef4,6,balanced,5,0.0,0.004809579397065301,0.038906999999999914
bc16e670610c02f923048cdb4f36e6d6e347f0acd73ea07b29f99ec6501639da,6,two_branch,0,0.0,0.004892220937945213,0.019503000000000048
bc16e670610c02f923048cdb4f36e6d6e347f0acd73ea07b29f99ec6501639da,6,two_branch,1,0.0,0.004892220937945213,0.019503000000000048
bc16e670610c02f923048cdb4f36e6d6e347f0acd73ea07b29f99ec6501639da,6,two_branch,2,0.0,-3.294187589040209e-05,0.019503000000000048
bc16e670610c02f923048cdb4f36e6d6e347f0acd73ea07b29f99ec6501639da,6,two_branch,3,0.0,0.004892220937945213,0.019503000000000048
bc16e670610c02f923048cdb4f36e6d6e347f0acd73ea07b29f99ec6501639da,6,two_branch,4,0.0,0.004892220937945213,0.019503000000000048
bc16e670610c02f923048cdb4f36e6d6e347f0acd73ea07b29f99ec6501639da,6,two_branch,5,0.0,-3.294187589040209e-05,0.019503000000000048
450341b92fc9ae28541c07ed1a198239a4d8b01f1b2720960d86e07709df377b,7,comb,0,0.0,0.028764091819315253,0.2013486427352067
450341b92fc9ae28541c07ed1a198239a4d8b01f1b2720960d86e07709df377b,7,comb,1,0.0,0.028764091819315253,0.2013486427352067
450341b92fc9ae28541c07ed1a198239a4d8b01f1b2720960d86e07709df377b,7,comb,2,0.0,0.028764091819315253,0.2013486427352067
450341b92fc9ae28541c07ed1a198239a4d8b01f1b2720960d86e07709df377b,7,comb,3,0.0,0.028764091819315253,0.2013486427352067
450341b92fc9ae28541c07ed1a198239a4d8b01f1b2720960d86e07709df377b,7,comb,4,0.0,0.028764091819315253,0.2013486427352067
450341b92fc9ae28541c07ed1a198239a4d8b01f1b2720960d86e07709df377b,7,comb,5,0.0,0.028764091819315253,0.2013486427352067
450341b92fc9ae28541c07ed1a198239a4d8b01f1b2720960d86e07709df377b,7,comb,6,0.0,0.028764091819315253,0.2013486427352067
97c485672e6dd0fea2b6f71425954af87510834058f20e4ea67add6724d1fad9,7,balanced,0,0.0,0.009751946661903333,0.03871197621550726
97c485672e6dd0fea2b6f71425954af87510834058f20e4ea67add6724d1fad9,7,balanced,1,0.0,0.009751946661903333,0.03871197621550726
97c485672e6dd0fea2b6f71425954af87510834058f20e4ea67add6724d1fad9,7,balanced,2,0.0,0.009751946661903333,0.03871197621550726
97c485672e6dd0fea2b6f71425954af87510834058f20e4ea67add6724d1fad9,7,balanced,3,0.0,-6.55369223722269e-05,0.03871197621550726
97c485672e6dd0fea2b6f71425954af87510834058f20e4ea67add6724d1fad9,7,balanced,4,0.0,0.004793605037270845,0.03871197621550726
97c485672e6dd0fea2b6f71425954af87510834058f20e4ea67add6724d1fad9,7,balanced,5,0.0,0.004793605037270845,0.03871197621550726
97c485672e6dd0fea2b6f71425954af87510834058f20e4ea67add6724d1fad9,7,balanced,6,0.0,-6.553692237219546e-05,0.03871197621550726
97c485672e6dd0fea2b6f71425954af87510834058f20e4ea67add6724d1fad9,7,two_branch,0,0.0,0.009751946661903333,0.03871197621550726
97c485672e6dd0fea2b6f71425954af87510834058f20e4ea67add6724d1fad9,7,two_branch,1,0.0,0.009751946661903333,0.03871197621550726
97c485672e6dd0fea2b6f71425954af87510834058f20e4ea67add6724d1fad9,7,two_branch,2,0.0,0.009751946661903333,0.03871197621550726
97c485672e6dd0fea2b6f71425954af87510834058f20e4ea67add6724d1fad9,7,two_branch,3,0.0,-6.55369223722269e-05,0.03871197621550726
97c485672e6dd0fea2b6f71425954af87510834058f20e4ea67add6724d1fad9,7,two_branch,4,0.0,0.004793605037270845,0.03871197621550726
97c485672e6dd0fea2b6f71425954af87510834058f20e4ea67add6724d1fad9,7,two_branch,5,0.0,0.004793605037270845,0.03871197621550726
97c485672e6dd0fea2b6f71425954af87510834058f20e4ea67add6724d1fad9,7,two_branch,6,0.0,-6.553692237219546e-05,0.03871197621550726
9588bc22dc001b2809f58d2acb767675a6db6407ec6095da7dfae50169e1b1e7,8,comb,0,0.0,0.03310634124999999,0.2648507299999998
9588bc22dc001b2809f58d2acb767675a6db6407ec6095da7dfae50169e1b1e7,8,comb,1,0.0,0.03310634124999999,0.2648507299999998
9588bc22dc001b2809f58d2acb767675a6db6407ec6095da7dfae50169e1b1e7,8,comb,2,0.0,0.03310634124999999,0.2648507299999998
9588bc22dc001b2809f58d2acb767675a6db6407ec6095da7dfae50169e1b1e7,8,comb,3,0.0,0.03310634124999999,0.2648507299999998
9588bc22dc001b2809f58d2acb767675a6db6407ec6095da7dfae50169e1b1e7,8,comb,4,0.0,0.03310634124999999,0.2648507299999998
9588bc22dc001b2809f58d2acb767675a6db6407ec6095da7dfae50169e1b1e7,8,comb,5,0.0,0.03310634124999999,0.2648507299999998
9588bc22dc001b2809f58d2acb767675a6db6407ec6095da7dfae50169e1b1e7,8,comb,6,0.0,0.03310634124999999,0.2648507299999998
9588bc22dc001b2809f58d2acb767675a6db6407ec6095da7dfae50169e1b1e7,8,comb,7,0.0,0.03310634124999999,0.2648507299999998
d18a6d36d183228618521e28e6971898bb7387d22b68ff47a494258df4de13c9,8,balanced,0,0.0,0.014538526132468223,0.06723584999999987
d18a6d36d183228618521e28e6971898bb7387d22b68ff47a494258df4de13c9,8,balanced,1,0.0,0.014538526132468223,0.06723584999999987
d18a6d36d183228618521e28e6971898bb7387d22b68ff47a494258df4de13c9,8,balanced,2,0.0,0.014538526132468223,0.06723584999999987
d18a6d36d183228618521e28e6971898bb7387d22b68ff47a494258df4de13c9,8,balanced,3,0.0,0.014538526132468223,0.06723584999999987
d18a6d36d183228618521e28e6971898bb7387d22b68ff47a494258df4de13c9,8,balanced,4,0.0,-0.00011408656368380542,0.06723584999999987
d18a6d36d183228618521e28e6971898bb7387d22b68ff47a494258df4de13c9,8,balanced,5,0.0,0.004654959298747279,0.06723584999999987
d18a6d36d183228618521e28e6971898bb7387d22b68ff47a494258df4de13c9,8,balanced,6,0.0,0.004654959298747279,0.06723584999999987
d18a6d36d183228618521e28e6971898bb7387d22b68ff47a494258df4de13c9,8,balanced,7,0.0,-0.00011408656368378643,0.06723584999999987
5920e491f92232cc138e4f67f308e1de938fed4ed432f2a27d5178b6c2dd1363,8,two_branch,0,0.0,0.009719473915785674,0.03851792999999992
5920e491f92232cc138e4f67f308e1de938fed4ed432f2a27d5178b6c2dd1363,8,two_branch,1,0.0,0.009719473915785674,0.03851792999999992
5920e491f92232cc138e4f67f308e1de938fed4ed432f2a27d5178b6c2dd1363,8,two_branch,2,0.0,0.009719473915785674,0.03851792999999992
5920e491f92232cc138e4f67f308e1de938fed4ed432f2a27d5178b6c2dd1363,8,two_branch,3,0.0,-6.529091506918763e-05,0.03851792999999992
5920e491f92232cc138e4f67f308e1de938fed4ed432f2a27d5178b6c2dd1363,8,two_branch,4,0.0,0.004777690498925211,0.03851792999999992
5920e491f92232cc138e4f67f308e1de938fed4ed432f2a27d5178b6c2dd1363,8,two_branch,5,0.0,0.004777690498925211,0.03851792999999992
5920e491f92232cc138e4f67f308e1de938fed4ed432f2a27d5178b6c2dd1363,8,two_branch,6,0.0,-6.529091506917044e-05,0.03851792999999992
5920e491f92232cc138e4f67f308e1de938fed4ed432f2a27d5178b6c2dd1363,8,two_branch,7,0.0,-6.529091506917044e-05,0.03851792999999992
