experiment_id,resolved_config_hash,mathematical_object_hash,input_artifact_hash,seed,precision,backend,device,implementation_version,run_id,status,failure_reason,run_path,epsilon_requested,closure_residual_upper,operator_norm_upper,tree_family,internal_nodes,tree_height,observed_error,projected_observed_error,theoretical_bound,tightness_ratio,runtime_seconds,ram_peak_bytes,vram_peak_bytes,convergence_status,failure_count
V2_APPROX_CLOSURE_BOUND,f0e9b649fb1ea2b823fa658dbae332b7e05531b0e5cee5003239a1a7241efbcf,c92748d041b6187434fd1307c049bd41f15bbb18f9bf698c52ba54af536710da,af1af079aca662fd9be0462c398a67414ad961d76424f15e0ff32d24ec31274f,0,float64,numpy,cpu,research_v2.1,v2_approx_closure_bound_bb21b4dfabb7407e,complete,,artifacts\runs_v2\v2_approx_closure_bound_bb21b4dfabb7407e,0.0,0.0,1.0,single,1,1,0.0,0.0,0.0,0.0,0.0006469999789260328,9229,0,exact_zero_residual,0
V2_APPROX_CLOSURE_BOUND,b440d00ac56c6a82bc54fd55d02a5375e06fdfd765d001f01b3297acb634737b,c92748d041b6187434fd1307c049bd41f15bbb18f9bf698c52ba54af536710da,af1af079aca662fd9be0462c398a67414ad961d76424f15e0ff32d24ec31274f,0,float64,numpy,cpu,research_v2.1,v2_approx_closure_bound_80544bd41a1dd8c9,complete,,artifacts\runs_v2\v2_approx_closure_bound_80544bd41a1dd8c9,0.0,0.0,1.0,associator_left,2,2,0.0,0.0,0.0,0.0,0.0010430999682284892,9517,0,exact_zero_residual,0
V2_APPROX_CLOSURE_BOUND,d1ec9b69dcca859645a949590643846ef0fb3d19eef7fe0a01df0b894f9bac52,c92748d041b6187434fd1307c049bd41f15bbb18f9bf698c52ba54af536710da,af1af079aca662fd9be0462c398a67414ad961d76424f15e0ff32d24ec31274f,0,float64,numpy,cpu,research_v2.1,v2_approx_closure_bound_3ad4c68eb3511ed2,complete,,artifacts\runs_v2\v2_approx_closure_bound_3ad4c68eb3511ed2,0.0,0.0,1.0,balanced,4,2,0.0,0.0,0.0,0.0,0.002806900010909885,10005,0,exact_zero_residual,0
V2_APPROX_CLOSURE_BOUND,dbcf79ea61d37961179b8f178553d87b84b9c8a8c51fc5e0719dfda8c148ca3a,941458f9147acb7de942d5d24fcb585b5d6ec111d89c492e0a4f74e5b6e6382c,af1af079aca662fd9be0462c398a67414ad961d76424f15e0ff32d24ec31274f,0,float64,numpy,cpu,research_v2.1,v2_approx_closure_bound_f823a377cf33291a,complete,,artifacts\runs_v2\v2_approx_closure_bound_f823a377cf33291a,0.01,0.01,1.0000499987500626,single,1,1,0.00026722951933468546,0.0,0.009999999999999998,0.02672295193346855,0.0011205000337213278,9269,0,complete,0
V2_APPROX_CLOSURE_BOUND,a3aa63cb0fa9b826306d211bf0aa874ad3c9463b623da5368db235a58373d4a0,941458f9147acb7de942d5d24fcb585b5d6ec111d89c492e0a4f74e5b6e6382c,af1af079aca662fd9be0462c398a67414ad961d76424f15e0ff32d24ec31274f,0,float64,numpy,cpu,research_v2.1,v2_approx_closure_bound_2ef532263d7bfc17,complete,,artifacts\runs_v2\v2_approx_closure_bound_2ef532263d7bfc17,0.01,0.01,1.0000499987500626,associator_left,2,2,0.0006098987867800333,0.0,0.02000099997500125,0.03049341470638121,0.0012547000078484416,9445,0,complete,0
V2_APPROX_CLOSURE_BOUND,fe7c714bee2613ee3e323aaaf8e8c77bb8ce609b1e1fa7a7a5e8194d72f9dec4,941458f9147acb7de942d5d24fcb585b5d6ec111d89c492e0a4f74e5b6e6382c,af1af079aca662fd9be0462c398a67414ad961d76424f15e0ff32d24ec31274f,0,float64,numpy,cpu,research_v2.1,v2_approx_closure_bound_c6a73acfece68025,complete,,artifacts\runs_v2\v2_approx_closure_bound_c6a73acfece68025,0.01,0.01,1.0000499987500626,balanced,4,2,3.7465158250961587e-06,0.0,0.04000600014999751,9.364884794903427e-05,0.0021912999800406396,9989,0,complete,0
V2_APPROX_CLOSURE_BOUND,8a25afe352d3ebf31febe5f366adb5a80e6a59e0604df070e6b9246657514329,2c57b0aa91b1abd4a6f979a92e20aa6569190ca4d683fa3bd6e573cddfa69387,af1af079aca662fd9be0462c398a67414ad961d76424f15e0ff32d24ec31274f,0,float64,numpy,cpu,research_v2.1,v2_approx_closure_bound_d9a44c07db24d9e3,complete,,artifacts\runs_v2\v2_approx_closure_bound_d9a44c07db24d9e3,0.05,0.05,1.0012492197250393,single,1,1,0.0013361475966734272,0.0,0.04999999999999999,0.02672295193346855,0.0005049000028520823,9269,0,complete,0
V2_APPROX_CLOSURE_BOUND,936b85efbac3382db1f6609d4617d8adb97de6164467ddc582f6d8c1a3fa32a0,2c57b0aa91b1abd4a6f979a92e20aa6569190ca4d683fa3bd6e573cddfa69387,af1af079aca662fd9be0462c398a67414ad961d76424f15e0ff32d24ec31274f,0,float64,numpy,cpu,research_v2.1,v2_approx_closure_bound_46ffd9b8e1f0311f,complete,,artifacts\runs_v2\v2_approx_closure_bound_46ffd9b8e1f0311f,0.05,0.05,1.0012492197250393,associator_left,2,2,0.0030494939339001663,0.0,0.10012492197250392,0.03045689198876591,0.0011009000008925796,9445,0,complete,0
V2_APPROX_CLOSURE_BOUND,a5dd26d64121373379f72977d362a1888d03b17ef2da559e0cd975a4ebe7cab9,2c57b0aa91b1abd4a6f979a92e20aa6569190ca4d683fa3bd6e573cddfa69387,af1af079aca662fd9be0462c398a67414ad961d76424f15e0ff32d24ec31274f,0,float64,numpy,cpu,research_v2.1,v2_approx_closure_bound_7a7ca5386b477d52,complete,,artifacts\runs_v2\v2_approx_closure_bound_7a7ca5386b477d52,0.05,0.05,1.0012492197250393,balanced,4,2,1.8732579125480792e-05,0.0,0.20075046855487036,9.331275418847e-05,0.002099699981044978,9845,0,complete,0
V2_APPROX_CLOSURE_BOUND,da3d1bbb937610d53bc5ae4588880853022b2049176e3002b96d99b0122d9387,5a198ae207c30619c7ea144594f6eb4e3bea1e2c466ca85385942434bc75c088,af1af079aca662fd9be0462c398a67414ad961d76424f15e0ff32d24ec31274f,0,float64,numpy,cpu,research_v2.1,v2_approx_closure_bound_89cfd14465d5daf6,complete,,artifacts\runs_v2\v2_approx_closure_bound_89cfd14465d5daf6,0.1,0.1,1.0049875621120892,single,1,1,0.0026722951933468545,0.0,0.09999999999999998,0.02672295193346855,0.0005027999868616462,9125,0,complete,0
V2_APPROX_CLOSURE_BOUND,e1aec574c0b5d1521285d6de07eb184b8f09cbef6fd53dae1312f32ec5872e1a,5a198ae207c30619c7ea144594f6eb4e3bea1e2c466ca85385942434bc75c088,af1af079aca662fd9be0462c398a67414ad961d76424f15e0ff32d24ec31274f,0,float64,numpy,cpu,research_v2.1,v2_approx_closure_bound_94b8e5742702899a,complete,,artifacts\runs_v2\v2_approx_closure_bound_94b8e5742702899a,0.1,0.1,1.0049875621120892,associator_left,2,2,0.006098987867800333,0.0,0.20099751242241778,0.03034359875550428,0.0012984999921172857,9301,0,complete,0
V2_APPROX_CLOSURE_BOUND,17d6e761bf61f83dcda6864e1c729b1a9ceef1f948d77ccc5493d692d207c509,5a198ae207c30619c7ea144594f6eb4e3bea1e2c466ca85385942434bc75c088,af1af079aca662fd9be0462c398a67414ad961d76424f15e0ff32d24ec31274f,0,float64,numpy,cpu,research_v2.1,v2_approx_closure_bound_9b8fc19f22ec0fb2,complete,,artifacts\runs_v2\v2_approx_closure_bound_9b8fc19f22ec0fb2,0.1,0.1,1.0049875621120892,balanced,4,2,3.7465158250961585e-05,0.0,0.40601497509328405,9.227531137824108e-05,0.0021498000132851303,9845,0,complete,0
V2_APPROX_CLOSURE_BOUND,f0e9b649fb1ea2b823fa658dbae332b7e05531b0e5cee5003239a1a7241efbcf,2ad1cb47c66890a6462ba80949f48472805907e7cd060ba20e2ad73e1a5f32e2,3ac0a455dff31f643cda7695f806247c589144060c77030024e5887e9293f1bd,1,float64,numpy,cpu,research_v2.1,v2_approx_closure_bound_991ecfefd8843b2b,complete,,artifacts\runs_v2\v2_approx_closure_bound_991ecfefd8843b2b,0.0,0.0,0.9999999999999999,single,1,1,0.0,0.0,0.0,0.0,0.0006078000296838582,9125,0,exact_zero_residual,0
V2_APPROX_CLOSURE_BOUND,b440d00ac56c6a82bc54fd55d02a5375e06fdfd765d001f01b3297acb634737b,2ad1cb47c66890a6462ba80949f48472805907e7cd060ba20e2ad73e1a5f32e2,3ac0a455dff31f643cda7695f806247c589144060c77030024e5887e9293f1bd,1,float64,numpy,cpu,research_v2.1,v2_approx_closure_bound_785c509ded92d955,complete,,artifacts\runs_v2\v2_approx_closure_bound_785c509ded92d955,0.0,0.0,0.9999999999999999,associator_left,2,2,0.0,0.0,0.0,0.0,0.001111100020352751,9301,0,exact_zero_residual,0
V2_APPROX_CLOSURE_BOUND,d1ec9b69dcca859645a949590643846ef0fb3d19eef7fe0a01df0b894f9bac52,2ad1cb47c66890a6462ba80949f48472805907e7cd060ba20e2ad73e1a5f32e2,3ac0a455dff31f643cda7695f806247c589144060c77030024e5887e9293f1bd,1,float64,numpy,cpu,research_v2.1,v2_approx_closure_bound_ce7c1a2a7b89cec7,complete,,artifacts\runs_v2\v2_approx_closure_bound_ce7c1a2a7b89cec7,0.0,0.0,0.9999999999999999,balanced,4,2,0.0,0.0,0.0,0.0,0.0027001999551430345,9845,0,exact_zero_residual,0
V2_APPROX_CLOSURE_BOUND,dbcf79ea61d37961179b8f178553d87b84b9c8a8c51fc5e0719dfda8c148ca3a,33eaac2054ea2eed30de4e2cfd9f48fd648c1da5beb4f9bd1cd57f706e2a8404,3ac0a455dff31f643cda7695f806247c589144060c77030024e5887e9293f1bd,1,float64,numpy,cpu,research_v2.1,v2_approx_closure_bound_8979fc6ccee9b3a2,complete,,artifacts\runs_v2\v2_approx_closure_bound_8979fc6ccee9b3a2,0.01,0.01,1.0000499987500624,single,1,1,0.0004306087418689227,0.0,0.009999999999999998,0.04306087418689228,0.0006203000084497035,9269,0,complete,0
V2_APPROX_CLOSURE_BOUND,a3aa63cb0fa9b826306d211bf0aa874ad3c9463b623da5368db235a58373d4a0,33eaac2054ea2eed30de4e2cfd9f48fd648c1da5beb4f9bd1cd57f706e2a8404,3ac0a455dff31f643cda7695f806247c589144060c77030024e5887e9293f1bd,1,float64,numpy,cpu,research_v2.1,v2_approx_closure_bound_2c998599cfbbee7a,complete,,artifacts\runs_v2\v2_approx_closure_bound_2c998599cfbbee7a,0.01,0.01,1.0000499987500624,associator_left,2,2,0.00102626329454857,0.0,0.020000999975001245,0.05131059926160047,0.0012314000050537288,9301,0,complete,0
V2_APPROX_CLOSURE_BOUND,fe7c714bee2613ee3e323aaaf8e8c77bb8ce609b1e1fa7a7a5e8194d72f9dec4,33eaac2054ea2eed30de4e2cfd9f48fd648c1da5beb4f9bd1cd57f706e2a8404,3ac0a455dff31f643cda7695f806247c589144060c77030024e5887e9293f1bd,1,float64,numpy,cpu,research_v2.1,v2_approx_closure_bound_59a829558616ee9f,complete,,artifacts\runs_v2\v2_approx_closure_bound_59a829558616ee9f,0.01,0.01,1.0000499987500624,balanced,4,2,1.7089057553716623e-06,0.0,0.04000600014999748,4.271623628866506e-05,0.002342499967198819,9845,0,complete,0
V2_APPROX_CLOSURE_BOUND,8a25afe352d3ebf31febe5f366adb5a80e6a59e0604df070e6b9246657514329,eee47a50bc9035b3b400bc2a678d288ec87ea40f7049a6b8f9bf2390ed3b0c9a,3ac0a455dff31f643cda7695f806247c589144060c77030024e5887e9293f1bd,1,float64,numpy,cpu,research_v2.1,v2_approx_closure_bound_c583b92fa98ce330,complete,,artifacts\runs_v2\v2_approx_closure_bound_c583b92fa98ce330,0.05,0.05,1.0012492197250393,single,1,1,0.0021530437093446133,0.0,0.04999999999999999,0.04306087418689228,0.000486800039652735,9125,0,complete,0
V2_APPROX_CLOSURE_BOUND,936b85efbac3382db1f6609d4617d8adb97de6164467ddc582f6d8c1a3fa32a0,eee47a50bc9035b3b400bc2a678d288ec87ea40f7049a6b8f9bf2390ed3b0c9a,3ac0a455dff31f643cda7695f806247c589144060c77030024e5887e9293f1bd,1,float64,numpy,cpu,research_v2.1,v2_approx_closure_bound_2f9713145c0e7e2c,complete,,artifacts\runs_v2\v2_approx_closure_bound_2f9713145c0e7e2c,0.05,0.05,1.0012492197250393,associator_left,2,2,0.00513131647274285,0.0,0.10012492197250392,0.05124914328674335,0.0011567999608814716,9301,0,complete,0
V2_APPROX_CLOSURE_BOUND,a5dd26d64121373379f72977d362a1888d03b17ef2da559e0cd975a4ebe7cab9,eee47a50bc9035b3b400bc2a678d288ec87ea40f7049a6b8f9bf2390ed3b0c9a,3ac0a455dff31f643cda7695f806247c589144060c77030024e5887e9293f1bd,1,float64,numpy,cpu,research_v2.1,v2_approx_closure_bound_898ed16d4aef1f11,complete,,artifacts\runs_v2\v2_approx_closure_bound_898ed16d4aef1f11,0.05,0.05,1.0012492197250393,balanced,4,2,8.544528776858311e-06,0.0,0.20075046855487036,4.2562933169557547e-05,0.0025410999660380185,9845,0,complete,0
V2_APPROX_CLOSURE_BOUND,da3d1bbb937610d53bc5ae4588880853022b2049176e3002b96d99b0122d9387,4e65a87d4a62e02eda2ca66b49b861538535e2179907f9c3e26bb6947a7395a3,3ac0a455dff31f643cda7695f806247c589144060c77030024e5887e9293f1bd,1,float64,numpy,cpu,research_v2.1,v2_approx_closure_bound_374d498a74da4a77,complete,,artifacts\runs_v2\v2_approx_closure_bound_374d498a74da4a77,0.1,0.1,1.004987562112089,single,1,1,0.004306087418689227,0.0,0.09999999999999998,0.04306087418689228,0.0007362000178545713,9125,0,complete,0
V2_APPROX_CLOSURE_BOUND,e1aec574c0b5d1521285d6de07eb184b8f09cbef6fd53dae1312f32ec5872e1a,4e65a87d4a62e02eda2ca66b49b861538535e2179907f9c3e26bb6947a7395a3,3ac0a455dff31f643cda7695f806247c589144060c77030024e5887e9293f1bd,1,float64,numpy,cpu,research_v2.1,v2_approx_closure_bound_d647b0aeff2642bd,complete,,artifacts\runs_v2\v2_approx_closure_bound_d647b0aeff2642bd,0.1,0.1,1.004987562112089,associator_left,2,2,0.0102626329454857,0.0,0.20099751242241776,0.051058507251162795,0.001141799963079393,9301,0,complete,0
V2_APPROX_CLOSURE_BOUND,17d6e761bf61f83dcda6864e1c729b1a9ceef1f948d77ccc5493d692d207c509,4e65a87d4a62e02eda2ca66b49b861538535e2179907f9c3e26bb6947a7395a3,3ac0a455dff31f643cda7695f806247c589144060c77030024e5887e9293f1bd,1,float64,numpy,cpu,research_v2.1,v2_approx_closure_bound_32f65f5d12c56748,complete,,artifacts\runs_v2\v2_approx_closure_bound_32f65f5d12c56748,0.1,0.1,1.004987562112089,balanced,4,2,1.7089057553716623e-05,0.0,0.40601497509328377,4.2089722305908386e-05,0.0026807000394910574,9845,0,complete,0
V2_APPROX_CLOSURE_BOUND,f0e9b649fb1ea2b823fa658dbae332b7e05531b0e5cee5003239a1a7241efbcf,766a2baac277988382ca654df38674506cb40abf6fe2e0753fb517a16150a2d1,37f728f4c3c5bd530cebb986d560163ffa7a206d42ec5a76a2341015bfe121d5,2,float64,numpy,cpu,research_v2.1,v2_approx_closure_bound_b81a94b4bc21d100,complete,,artifacts\runs_v2\v2_approx_closure_bound_b81a94b4bc21d100,0.0,0.0,0.9999999999999999,single,1,1,0.0,0.0,0.0,0.0,0.00048180000158026814,9125,0,exact_zero_residual,0
V2_APPROX_CLOSURE_BOUND,b440d00ac56c6a82bc54fd55d02a5375e06fdfd765d001f01b3297acb634737b,766a2baac277988382ca654df38674506cb40abf6fe2e0753fb517a16150a2d1,37f728f4c3c5bd530cebb986d560163ffa7a206d42ec5a76a2341015bfe121d5,2,float64,numpy,cpu,research_v2.1,v2_approx_closure_bound_76986664d6d97e0b,complete,,artifacts\runs_v2\v2_approx_closure_bound_76986664d6d97e0b,0.0,0.0,0.9999999999999999,associator_left,2,2,0.0,0.0,0.0,0.0,0.0010787000064738095,9301,0,exact_zero_residual,0
V2_APPROX_CLOSURE_BOUND,d1ec9b69dcca859645a949590643846ef0fb3d19eef7fe0a01df0b894f9bac52,766a2baac277988382ca654df38674506cb40abf6fe2e0753fb517a16150a2d1,37f728f4c3c5bd530cebb986d560163ffa7a206d42ec5a76a2341015bfe121d5,2,float64,numpy,cpu,research_v2.1,v2_approx_closure_bound_7da286454ff617ba,complete,,artifacts\runs_v2\v2_approx_closure_bound_7da286454ff617ba,0.0,0.0,0.9999999999999999,balanced,4,2,0.0,0.0,0.0,0.0,0.002003900008276105,9845,0,exact_zero_residual,0
V2_APPROX_CLOSURE_BOUND,dbcf79ea61d37961179b8f178553d87b84b9c8a8c51fc5e0719dfda8c148ca3a,31953a662f4dd01da0ad0c805e8b49f793d0d06b6d4dc0356b1729489824ab6d,37f728f4c3c5bd530cebb986d560163ffa7a206d42ec5a76a2341015bfe121d5,2,float64,numpy,cpu,research_v2.1,v2_approx_closure_bound_b5f43c319e1d39b1,complete,,artifacts\runs_v2\v2_approx_closure_bound_b5f43c319e1d39b1,0.01,0.01,1.0000499987500624,single,1,1,0.007100467992738065,0.0,0.009999999999999995,0.7100467992738069,0.0005147000192664564,9125,0,complete,0
V2_APPROX_CLOSURE_BOUND,a3aa63cb0fa9b826306d211bf0aa874ad3c9463b623da5368db235a58373d4a0,31953a662f4dd01da0ad0c805e8b49f793d0d06b6d4dc0356b1729489824ab6d,37f728f4c3c5bd530cebb986d560163ffa7a206d42ec5a76a2341015bfe121d5,2,float64,numpy,cpu,research_v2.1,v2_approx_closure_bound_4577dd8ac1d7fc65,complete,,artifacts\runs_v2\v2_approx_closure_bound_4577dd8ac1d7fc65,0.01,0.01,1.0000499987500624,associator_left,2,2,0.0004939644152219941,0.0,0.020000999975001238,0.024696985942672275,0.0010172000038437545,9301,0,complete,0
V2_APPROX_CLOSURE_BOUND,fe7c714bee2613ee3e323aaaf8e8c77bb8ce609b1e1fa7a7a5e8194d72f9dec4,31953a662f4dd01da0ad0c805e8b49f793d0d06b6d4dc0356b1729489824ab6d,37f728f4c3c5bd530cebb986d560163ffa7a206d42ec5a76a2341015bfe121d5,2,float64,numpy,cpu,research_v2.1,v2_approx_closure_bound_7c29950c1c4e66f5,complete,,artifacts\runs_v2\v2_approx_closure_bound_7c29950c1c4e66f5,0.01,0.01,1.0000499987500624,balanced,4,2,1.336413630644172e-07,0.0,0.040006000149997466,3.3405329841360223e-06,0.0024429000332020223,9845,0,complete,0
V2_APPROX_CLOSURE_BOUND,8a25afe352d3ebf31febe5f366adb5a80e6a59e0604df070e6b9246657514329,efa981f603df4e655807f6435cf3590ae0c93587aed506d398606af86e706724,37f728f4c3c5bd530cebb986d560163ffa7a206d42ec5a76a2341015bfe121d5,2,float64,numpy,cpu,research_v2.1,v2_approx_closure_bound_bb58aa4fc5088706,complete,,artifacts\runs_v2\v2_approx_closure_bound_bb58aa4fc5088706,0.05,0.05,1.0012492197250393,single,1,1,0.03550233996369033,0.0,0.04999999999999998,0.7100467992738069,0.0007000000332482159,9125,0,complete,0
V2_APPROX_CLOSURE_BOUND,936b85efbac3382db1f6609d4617d8adb97de6164467ddc582f6d8c1a3fa32a0,efa981f603df4e655807f6435cf3590ae0c93587aed506d398606af86e706724,37f728f4c3c5bd530cebb986d560163ffa7a206d42ec5a76a2341015bfe121d5,2,float64,numpy,cpu,research_v2.1,v2_approx_closure_bound_a26d2d62ec390f38,complete,,artifacts\runs_v2\v2_approx_closure_bound_a26d2d62ec390f38,0.05,0.05,1.0012492197250393,associator_left,2,2,0.0024698220761099703,0.0,0.1001249219725039,0.024667405751269675,0.0011491000186651945,9301,0,complete,0
V2_APPROX_CLOSURE_BOUND,a5dd26d64121373379f72977d362a1888d03b17ef2da559e0cd975a4ebe7cab9,efa981f603df4e655807f6435cf3590ae0c93587aed506d398606af86e706724,37f728f4c3c5bd530cebb986d560163ffa7a206d42ec5a76a2341015bfe121d5,2,float64,numpy,cpu,research_v2.1,v2_approx_closure_bound_d882b4faa64f901a,complete,,artifacts\runs_v2\v2_approx_closure_bound_d882b4faa64f901a,0.05,0.05,1.0012492197250393,balanced,4,2,6.682068153220859e-07,0.0,0.20075046855487033,3.32854423769102e-06,0.0024219999904744327,9845,0,complete,0
V2_APPROX_CLOSURE_BOUND,da3d1bbb937610d53bc5ae4588880853022b2049176e3002b96d99b0122d9387,72892151a797ffdcda0c2fe1ec73865e6ef28548e7203f01a10b4a0703f94caa,37f728f4c3c5bd530cebb986d560163ffa7a206d42ec5a76a2341015bfe121d5,2,float64,numpy,cpu,research_v2.1,v2_approx_closure_bound_cd66043638bebce8,complete,,artifacts\runs_v2\v2_approx_closure_bound_cd66043638bebce8,0.1,0.1,1.004987562112089,single,1,1,0.07100467992738066,0.0,0.09999999999999996,0.7100467992738069,0.0005260000471025705,9125,0,complete,0
V2_APPROX_CLOSURE_BOUND,e1aec574c0b5d1521285d6de07eb184b8f09cbef6fd53dae1312f32ec5872e1a,72892151a797ffdcda0c2fe1ec73865e6ef28548e7203f01a10b4a0703f94caa,37f728f4c3c5bd530cebb986d560163ffa7a206d42ec5a76a2341015bfe121d5,2,float64,numpy,cpu,research_v2.1,v2_approx_closure_bound_ba75d01d700ff592,complete,,artifacts\runs_v2\v2_approx_closure_bound_ba75d01d700ff592,0.1,0.1,1.004987562112089,associator_left,2,2,0.004939644152219941,0.0,0.20099751242241773,0.024575648189310677,0.0011261000181548297,9301,0,complete,0
V2_APPROX_CLOSURE_BOUND,17d6e761bf61f83dcda6864e1c729b1a9ceef1f948d77ccc5493d692d207c509,72892151a797ffdcda0c2fe1ec73865e6ef28548e7203f01a10b4a0703f94caa,37f728f4c3c5bd530cebb986d560163ffa7a206d42ec5a76a2341015bfe121d5,2,float64,numpy,cpu,research_v2.1,v2_approx_closure_bound_d8144b345f2cbc6f,complete,,artifacts\runs_v2\v2_approx_closure_bound_d8144b345f2cbc6f,0.1,0.1,1.004987562112089,balanced,4,2,1.3364136306441719e-06,0.0,0.4060149750932837,3.291537782164623e-06,0.002069600042887032,9845,0,complete,0
V2_APPROX_CLOSURE_BOUND,f0e9b649fb1ea2b823fa658dbae332b7e05531b0e5cee5003239a1a7241efbcf,aa02f4163cf67c746341015a5d833ce1b7c85a9b9566be176a4ff80868bd768b,e79f5bc7afbc3674969b57747b256a20ee9381eec65d6fece90f93301e0a9693,3,float64,numpy,cpu,research_v2.1,v2_approx_closure_bound_593b9d9bb2a4529d,complete,,artifacts\runs_v2\v2_approx_closure_bound_593b9d9bb2a4529d,0.0,0.0,1.0,single,1,1,0.0,0.0,0.0,0.0,0.0005154000245966017,9125,0,exact_zero_residual,0
V2_APPROX_CLOSURE_BOUND,b440d00ac56c6a82bc54fd55d02a5375e06fdfd765d001f01b3297acb634737b,aa02f4163cf67c746341015a5d833ce1b7c85a9b9566be176a4ff80868bd768b,e79f5bc7afbc3674969b57747b256a20ee9381eec65d6fece90f93301e0a9693,3,float64,numpy,cpu,research_v2.1,v2_approx_closure_bound_a3ee99034376428d,complete,,artifacts\runs_v2\v2_approx_closure_bound_a3ee99034376428d,0.0,0.0,1.0,associator_left,2,2,0.0,0.0,0.0,0.0,0.0012226999970152974,9301,0,exact_zero_residual,0
V2_APPROX_CLOSURE_BOUND,d1ec9b69dcca859645a949590643846ef0fb3d19eef7fe0a01df0b894f9bac52,aa02f4163cf67c746341015a5d833ce1b7c85a9b9566be176a4ff80868bd768b,e79f5bc7afbc3674969b57747b256a20ee9381eec65d6fece90f93301e0a9693,3,float64,numpy,cpu,research_v2.1,v2_approx_closure_bound_492fd6b9d2e0bdb2,complete,,artifacts\runs_v2\v2_approx_closure_bound_492fd6b9d2e0bdb2,0.0,0.0,1.0,balanced,4,2,0.0,0.0,0.0,0.0,0.002239299996290356,9845,0,exact_zero_residual,0
V2_APPROX_CLOSURE_BOUND,dbcf79ea61d37961179b8f178553d87b84b9c8a8c51fc5e0719dfda8c148ca3a,8d03cbec533596cd48a45a929987caf6bb60a5c5d715a452dd104e7d0bc6668a,e79f5bc7afbc3674969b57747b256a20ee9381eec65d6fece90f93301e0a9693,3,float64,numpy,cpu,research_v2.1,v2_approx_closure_bound_36199f4e2a73590a,complete,,artifacts\runs_v2\v2_approx_closure_bound_36199f4e2a73590a,0.01,0.01,1.0000499987500626,single,1,1,0.0009458464346564637,0.0,0.009999999999999998,0.09458464346564638,0.0005327999824658036,9125,0,complete,0
V2_APPROX_CLOSURE_BOUND,a3aa63cb0fa9b826306d211bf0aa874ad3c9463b623da5368db235a58373d4a0,8d03cbec533596cd48a45a929987caf6bb60a5c5d715a452dd104e7d0bc6668a,e79f5bc7afbc3674969b57747b256a20ee9381eec65d6fece90f93301e0a9693,3,float64,numpy,cpu,research_v2.1,v2_approx_closure_bound_58564c3c5eb9eb9b,complete,,artifacts\runs_v2\v2_approx_closure_bound_58564c3c5eb9eb9b,0.01,0.01,1.0000499987500626,associator_left,2,2,0.0007930482885934658,0.0,0.02000099997500125,0.03965043195763598,0.00116460002027452,9301,0,complete,0
V2_APPROX_CLOSURE_BOUND,fe7c714bee2613ee3e323aaaf8e8c77bb8ce609b1e1fa7a7a5e8194d72f9dec4,8d03cbec533596cd48a45a929987caf6bb60a5c5d715a452dd104e7d0bc6668a,e79f5bc7afbc3674969b57747b256a20ee9381eec65d6fece90f93301e0a9693,3,float64,numpy,cpu,research_v2.1,v2_approx_closure_bound_853bbbb9a410b3aa,complete,,artifacts\runs_v2\v2_approx_closure_bound_853bbbb9a410b3aa,0.01,0.01,1.0000499987500626,balanced,4,2,0.0001656355634530868,0.0,0.04000600014999751,0.004140268030596834,0.0021231999853625894,9845,0,complete,0
V2_APPROX_CLOSURE_BOUND,8a25afe352d3ebf31febe5f366adb5a80e6a59e0604df070e6b9246657514329,8e981874798db7e6c8cccdf61a1578c98059b4e96ed0171da9b5f76f11791945,e79f5bc7afbc3674969b57747b256a20ee9381eec65d6fece90f93301e0a9693,3,float64,numpy,cpu,research_v2.1,v2_approx_closure_bound_f9923dcb4633c8f8,complete,,artifacts\runs_v2\v2_approx_closure_bound_f9923dcb4633c8f8,0.05,0.05,1.0012492197250393,single,1,1,0.004729232173282318,0.0,0.04999999999999999,0.09458464346564638,0.0005106999888084829,9125,0,complete,0
V2_APPROX_CLOSURE_BOUND,936b85efbac3382db1f6609d4617d8adb97de6164467ddc582f6d8c1a3fa32a0,8e981874798db7e6c8cccdf61a1578c98059b4e96ed0171da9b5f76f11791945,e79f5bc7afbc3674969b57747b256a20ee9381eec65d6fece90f93301e0a9693,3,float64,numpy,cpu,research_v2.1,v2_approx_closure_bound_912e043425970448,complete,,artifacts\runs_v2\v2_approx_closure_bound_912e043425970448,0.05,0.05,1.0012492197250393,associator_left,2,2,0.003965241442967329,0.0,0.10012492197250392,0.0396029416537898,0.001035400026012212,9301,0,complete,0
V2_APPROX_CLOSURE_BOUND,a5dd26d64121373379f72977d362a1888d03b17ef2da559e0cd975a4ebe7cab9,8e981874798db7e6c8cccdf61a1578c98059b4e96ed0171da9b5f76f11791945,e79f5bc7afbc3674969b57747b256a20ee9381eec65d6fece90f93301e0a9693,3,float64,numpy,cpu,research_v2.1,v2_approx_closure_bound_79d72991d1974b70,complete,,artifacts\runs_v2\v2_approx_closure_bound_79d72991d1974b70,0.05,0.05,1.0012492197250393,balanced,4,2,0.0008281778172654341,0.0,0.20075046855487036,0.004125409137160103,0.0022435999708250165,9845,0,complete,0
V2_APPROX_CLOSURE_BOUND,da3d1bbb937610d53bc5ae4588880853022b2049176e3002b96d99b0122d9387,6284905756098aa7c69e14621252b4b1bd4c21b5b2c07835b529664364990ee5,e79f5bc7afbc3674969b57747b256a20ee9381eec65d6fece90f93301e0a9693,3,float64,numpy,cpu,research_v2.1,v2_approx_closure_bound_83d9c05b28339922,complete,,artifacts\runs_v2\v2_approx_closure_bound_83d9c05b28339922,0.1,0.1,1.0049875621120892,single,1,1,0.009458464346564636,0.0,0.09999999999999998,0.09458464346564638,0.0006070999661460519,9125,0,complete,0
V2_APPROX_CLOSURE_BOUND,e1aec574c0b5d1521285d6de07eb184b8f09cbef6fd53dae1312f32ec5872e1a,6284905756098aa7c69e14621252b4b1bd4c21b5b2c07835b529664364990ee5,e79f5bc7afbc3674969b57747b256a20ee9381eec65d6fece90f93301e0a9693,3,float64,numpy,cpu,research_v2.1,v2_approx_closure_bound_d90ed22cf144ad2f,complete,,artifacts\runs_v2\v2_approx_closure_bound_d90ed22cf144ad2f,0.1,0.1,1.0049875621120892,associator_left,2,2,0.007930482885934658,0.0,0.20099751242241778,0.039455627039144146,0.0012057999847456813,9301,0,complete,0
V2_APPROX_CLOSURE_BOUND,17d6e761bf61f83dcda6864e1c729b1a9ceef1f948d77ccc5493d692d207c509,6284905756098aa7c69e14621252b4b1bd4c21b5b2c07835b529664364990ee5,e79f5bc7afbc3674969b57747b256a20ee9381eec65d6fece90f93301e0a9693,3,float64,numpy,cpu,research_v2.1,v2_approx_closure_bound_8f1d61c9746554c3,complete,,artifacts\runs_v2\v2_approx_closure_bound_8f1d61c9746554c3,0.1,0.1,1.0049875621120892,balanced,4,2,0.0016563556345308682,0.0,0.40601497509328405,0.004079543209336828,0.002230399986729026,9845,0,complete,0
V2_APPROX_CLOSURE_BOUND,f0e9b649fb1ea2b823fa658dbae332b7e05531b0e5cee5003239a1a7241efbcf,03ce1925acfeac22d55f7eabdc878dd1ea3fd89ac23259cf6443262d9ba8db5d,18b5eb938c458e7a75dd7cf545fbf2be260d2c68bcf9d97acd837ebe77cb7be1,4,float64,numpy,cpu,research_v2.1,v2_approx_closure_bound_6beb6eaca878eab7,complete,,artifacts\runs_v2\v2_approx_closure_bound_6beb6eaca878eab7,0.0,0.0,0.9999999999999999,single,1,1,0.0,0.0,0.0,0.0,0.0005094000371173024,9125,0,exact_zero_residual,0
V2_APPROX_CLOSURE_BOUND,b440d00ac56c6a82bc54fd55d02a5375e06fdfd765d001f01b3297acb634737b,03ce1925acfeac22d55f7eabdc878dd1ea3fd89ac23259cf6443262d9ba8db5d,18b5eb938c458e7a75dd7cf545fbf2be260d2c68bcf9d97acd837ebe77cb7be1,4,float64,numpy,cpu,research_v2.1,v2_approx_closure_bound_86107a43e31f1dda,complete,,artifacts\runs_v2\v2_approx_closure_bound_86107a43e31f1dda,0.0,0.0,0.9999999999999999,associator_left,2,2,0.0,0.0,0.0,0.0,0.0012042999733239412,9301,0,exact_zero_residual,0
V2_APPROX_CLOSURE_BOUND,d1ec9b69dcca859645a949590643846ef0fb3d19eef7fe0a01df0b894f9bac52,03ce1925acfeac22d55f7eabdc878dd1ea3fd89ac23259cf6443262d9ba8db5d,18b5eb938c458e7a75dd7cf545fbf2be260d2c68bcf9d97acd837ebe77cb7be1,4,float64,numpy,cpu,research_v2.1,v2_approx_closure_bound_eb1eefecc55c632b,complete,,artifacts\runs_v2\v2_approx_closure_bound_eb1eefecc55c632b,0.0,0.0,0.9999999999999999,balanced,4,2,0.0,0.0,0.0,0.0,0.002258299966342747,9845,0,exact_zero_residual,0
V2_APPROX_CLOSURE_BOUND,dbcf79ea61d37961179b8f178553d87b84b9c8a8c51fc5e0719dfda8c148ca3a,269af0256f729e6b38426bbdf020b5ef607587c6211c99ec741cc700f05ea25d,18b5eb938c458e7a75dd7cf545fbf2be260d2c68bcf9d97acd837ebe77cb7be1,4,float64,numpy,cpu,research_v2.1,v2_approx_closure_bound_d4650db7a86ea6c4,complete,,artifacts\runs_v2\v2_approx_closure_bound_d4650db7a86ea6c4,0.01,0.01,1.0000499987500624,single,1,1,0.005107487242678442,0.0,0.009999999999999995,0.5107487242678445,0.000506000011228025,9125,0,complete,0
V2_APPROX_CLOSURE_BOUND,a3aa63cb0fa9b826306d211bf0aa874ad3c9463b623da5368db235a58373d4a0,269af0256f729e6b38426bbdf020b5ef607587c6211c99ec741cc700f05ea25d,18b5eb938c458e7a75dd7cf545fbf2be260d2c68bcf9d97acd837ebe77cb7be1,4,float64,numpy,cpu,research_v2.1,v2_approx_closure_bound_3fad6e71e1c72636,complete,,artifacts\runs_v2\v2_approx_closure_bound_3fad6e71e1c72636,0.01,0.01,1.0000499987500624,associator_left,2,2,0.0008221655596249687,0.0,0.020000999975001238,0.04110622272149259,0.0011058999807573855,9301,0,complete,0
V2_APPROX_CLOSURE_BOUND,fe7c714bee2613ee3e323aaaf8e8c77bb8ce609b1e1fa7a7a5e8194d72f9dec4,269af0256f729e6b38426bbdf020b5ef607587c6211c99ec741cc700f05ea25d,18b5eb938c458e7a75dd7cf545fbf2be260d2c68bcf9d97acd837ebe77cb7be1,4,float64,numpy,cpu,research_v2.1,v2_approx_closure_bound_c04798b9ad0b90c7,complete,,artifacts\runs_v2\v2_approx_closure_bound_c04798b9ad0b90c7,0.01,0.01,1.0000499987500624,balanced,4,2,0.00011642270326133251,0.0,0.040006000149997466,0.0029101310509628614,0.0022473999997600913,9845,0,complete,0
V2_APPROX_CLOSURE_BOUND,8a25afe352d3ebf31febe5f366adb5a80e6a59e0604df070e6b9246657514329,f1ccd75a360aff57e3f1b422af6e67813fbfe81380f0517a2ce9540fca69b00c,18b5eb938c458e7a75dd7cf545fbf2be260d2c68bcf9d97acd837ebe77cb7be1,4,float64,numpy,cpu,research_v2.1,v2_approx_closure_bound_56f1d379821f2bb6,complete,,artifacts\runs_v2\v2_approx_closure_bound_56f1d379821f2bb6,0.05,0.05,1.0012492197250393,single,1,1,0.025537436213392217,0.0,0.049999999999999975,0.5107487242678446,0.0005074000218883157,9125,0,complete,0
V2_APPROX_CLOSURE_BOUND,936b85efbac3382db1f6609d4617d8adb97de6164467ddc582f6d8c1a3fa32a0,f1ccd75a360aff57e3f1b422af6e67813fbfe81380f0517a2ce9540fca69b00c,18b5eb938c458e7a75dd7cf545fbf2be260d2c68bcf9d97acd837ebe77cb7be1,4,float64,numpy,cpu,research_v2.1,v2_approx_closure_bound_8fd47856ccb984a4,complete,,artifacts\runs_v2\v2_approx_closure_bound_8fd47856ccb984a4,0.05,0.05,1.0012492197250393,associator_left,2,2,0.004110827798124843,0.0,0.10012492197250389,0.04105698878101249,0.0010367999784648418,9301,0,complete,0
V2_APPROX_CLOSURE_BOUND,a5dd26d64121373379f72977d362a1888d03b17ef2da559e0cd975a4ebe7cab9,f1ccd75a360aff57e3f1b422af6e67813fbfe81380f0517a2ce9540fca69b00c,18b5eb938c458e7a75dd7cf545fbf2be260d2c68bcf9d97acd837ebe77cb7be1,4,float64,numpy,cpu,research_v2.1,v2_approx_closure_bound_68839e7d20092742,complete,,artifacts\runs_v2\v2_approx_closure_bound_68839e7d20092742,0.05,0.05,1.0012492197250393,balanced,4,2,0.0005821135163066625,0.0,0.2007504685548703,0.0028996869621131455,0.0021203000214882195,9845,0,complete,0
V2_APPROX_CLOSURE_BOUND,da3d1bbb937610d53bc5ae4588880853022b2049176e3002b96d99b0122d9387,adcd7ee9d28e0358854bf9b125581fb6cc86c6112a1519ea122767fcb108bf6a,18b5eb938c458e7a75dd7cf545fbf2be260d2c68bcf9d97acd837ebe77cb7be1,4,float64,numpy,cpu,research_v2.1,v2_approx_closure_bound_a719fbe5ac3a68d7,complete,,artifacts\runs_v2\v2_approx_closure_bound_a719fbe5ac3a68d7,0.1,0.1,1.004987562112089,single,1,1,0.051074872426784435,0.0,0.09999999999999995,0.5107487242678446,0.0004888999974355102,9125,0,complete,0
V2_APPROX_CLOSURE_BOUND,e1aec574c0b5d1521285d6de07eb184b8f09cbef6fd53dae1312f32ec5872e1a,adcd7ee9d28e0358854bf9b125581fb6cc86c6112a1519ea122767fcb108bf6a,18b5eb938c458e7a75dd7cf545fbf2be260d2c68bcf9d97acd837ebe77cb7be1,4,float64,numpy,cpu,research_v2.1,v2_approx_closure_bound_bdfd89443c2af668,complete,,artifacts\runs_v2\v2_approx_closure_bound_bdfd89443c2af668,0.1,0.1,1.004987562112089,associator_left,2,2,0.008221655596249686,0.0,0.2009975124224177,0.040904265416832626,0.0010112000163644552,9301,0,complete,0
V2_APPROX_CLOSURE_BOUND,17d6e761bf61f83dcda6864e1c729b1a9ceef1f948d77ccc5493d692d207c509,adcd7ee9d28e0358854bf9b125581fb6cc86c6112a1519ea122767fcb108bf6a,18b5eb938c458e7a75dd7cf545fbf2be260d2c68bcf9d97acd837ebe77cb7be1,4,float64,numpy,cpu,research_v2.1,v2_approx_closure_bound_b7d01a755e292538,complete,,artifacts\runs_v2\v2_approx_closure_bound_b7d01a755e292538,0.1,0.1,1.004987562112089,balanced,4,2,0.001164227032613325,0.0,0.40601497509328366,0.0028674485032130622,0.0021095999982208014,9845,0,complete,0
