experiment_id,resolved_config_hash,mathematical_object_hash,input_artifact_hash,seed,precision,backend,device,implementation_version,run_id,status,failure_reason,run_path,method,closure_leakage,principal_angle_radians,projector_rank,runtime_seconds,ram_peak_bytes,vram_peak_bytes,convergence_status,failure_count
V2_PROJECTOR_RECOVERY,73344649f17a5a4848ec6bfd7226aa8597010b61ad1677d33934a0cb3f76b7ab,991f121823f7497bd138f0d0692ab7710a64bfcd394cc6bc7370142cee5473a9,506c924445b0cd1233410fbc135e51c775a3247ffb63f5d314405819bd12e44f,0,float64,numpy,cpu,research_v2.1,v2_projector_recovery_c4096c402eed87c5,complete,,artifacts\runs_v2\v2_projector_recovery_c4096c402eed87c5,known_invariant,0.001900346567327817,0.0,2,0.005429100012406707,6288,0,complete,0
V2_PROJECTOR_RECOVERY,ad14ad52351d9c9bc0b14266150e90baaf87a8d4e584e1a7c1927e4d942493f2,991f121823f7497bd138f0d0692ab7710a64bfcd394cc6bc7370142cee5473a9,506c924445b0cd1233410fbc135e51c775a3247ffb63f5d314405819bd12e44f,0,float64,numpy,cpu,research_v2.1,v2_projector_recovery_bf998efb99012f07,complete,,artifacts\runs_v2\v2_projector_recovery_bf998efb99012f07,random,0.7010102730907398,1.3199503914542143,2,0.0049715000204741955,6288,0,complete,0
V2_PROJECTOR_RECOVERY,93bbf08da1ad000ab8723e286451d5250bbb64e064e37de9b75fd1fd5c061d62,991f121823f7497bd138f0d0692ab7710a64bfcd394cc6bc7370142cee5473a9,506c924445b0cd1233410fbc135e51c775a3247ffb63f5d314405819bd12e44f,0,float64,numpy,cpu,research_v2.1,v2_projector_recovery_59c3185392d25e21,complete,,artifacts\runs_v2\v2_projector_recovery_59c3185392d25e21,pca,0.0017607498602270032,0.010042227855402777,2,0.004342700005508959,6288,0,complete,0
V2_PROJECTOR_RECOVERY,b0c8a13cd3919b04d01537efdaed15503d4137d6ddb606a546b71970f6c88057,991f121823f7497bd138f0d0692ab7710a64bfcd394cc6bc7370142cee5473a9,506c924445b0cd1233410fbc135e51c775a3247ffb63f5d314405819bd12e44f,0,float64,numpy,cpu,research_v2.1,v2_projector_recovery_23c3794fd3c2e11f,complete,,artifacts\runs_v2\v2_projector_recovery_23c3794fd3c2e11f,svd,0.0018080902050523562,0.0053122265942509425,2,0.005636800022330135,6288,0,complete,0
V2_PROJECTOR_RECOVERY,613f8991f766b9739dd0c9a6a6bd1f8dd946e947a378e87adf8180ef95273d60,991f121823f7497bd138f0d0692ab7710a64bfcd394cc6bc7370142cee5473a9,506c924445b0cd1233410fbc135e51c775a3247ffb63f5d314405819bd12e44f,0,float64,numpy,cpu,research_v2.1,v2_projector_recovery_8a43d16c4b3e83d7,complete,,artifacts\runs_v2\v2_projector_recovery_8a43d16c4b3e83d7,spectral,0.0020567958930036226,0.021413746453935737,2,0.005244500003755093,6288,0,complete,0
V2_PROJECTOR_RECOVERY,cffe2ad89f9ec2057f38b14278e78a0c1b46503875a2ab05076d97a5edb7e4fb,991f121823f7497bd138f0d0692ab7710a64bfcd394cc6bc7370142cee5473a9,506c924445b0cd1233410fbc135e51c775a3247ffb63f5d314405819bd12e44f,0,float64,numpy,cpu,research_v2.1,v2_projector_recovery_0f6855aad7fe763e,complete,,artifacts\runs_v2\v2_projector_recovery_0f6855aad7fe763e,closure_minimizing,0.1732083778303955,1.279117758526389,2,0.005185400019399822,6288,0,complete,0
V2_PROJECTOR_RECOVERY,73344649f17a5a4848ec6bfd7226aa8597010b61ad1677d33934a0cb3f76b7ab,64a78160844f7e3ff4414d5a4e75602658a7935b37b4b75aa6a7f47bf18f98c5,b8814c1a8ce7db4f302a0ed87ec2d0b9ecc6e901cf8f3e1ac596818cc5fea0a6,1,float64,numpy,cpu,research_v2.1,v2_projector_recovery_dbad7e878a0e8fee,complete,,artifacts\runs_v2\v2_projector_recovery_dbad7e878a0e8fee,known_invariant,0.0007328889491905325,0.0,2,0.005509299982804805,6288,0,complete,0
V2_PROJECTOR_RECOVERY,ad14ad52351d9c9bc0b14266150e90baaf87a8d4e584e1a7c1927e4d942493f2,64a78160844f7e3ff4414d5a4e75602658a7935b37b4b75aa6a7f47bf18f98c5,b8814c1a8ce7db4f302a0ed87ec2d0b9ecc6e901cf8f3e1ac596818cc5fea0a6,1,float64,numpy,cpu,research_v2.1,v2_projector_recovery_230de994eb10fc6e,complete,,artifacts\runs_v2\v2_projector_recovery_230de994eb10fc6e,random,0.2572254711854316,0.8424317378807455,2,0.005726099945604801,6288,0,complete,0
V2_PROJECTOR_RECOVERY,93bbf08da1ad000ab8723e286451d5250bbb64e064e37de9b75fd1fd5c061d62,64a78160844f7e3ff4414d5a4e75602658a7935b37b4b75aa6a7f47bf18f98c5,b8814c1a8ce7db4f302a0ed87ec2d0b9ecc6e901cf8f3e1ac596818cc5fea0a6,1,float64,numpy,cpu,research_v2.1,v2_projector_recovery_37216a5eaf7c20ca,complete,,artifacts\runs_v2\v2_projector_recovery_37216a5eaf7c20ca,pca,0.00039087805392135587,0.030700173164545826,2,0.005140500026755035,6288,0,complete,0
V2_PROJECTOR_RECOVERY,b0c8a13cd3919b04d01537efdaed15503d4137d6ddb606a546b71970f6c88057,64a78160844f7e3ff4414d5a4e75602658a7935b37b4b75aa6a7f47bf18f98c5,b8814c1a8ce7db4f302a0ed87ec2d0b9ecc6e901cf8f3e1ac596818cc5fea0a6,1,float64,numpy,cpu,research_v2.1,v2_projector_recovery_3f85ec90fb33ffaf,complete,,artifacts\runs_v2\v2_projector_recovery_3f85ec90fb33ffaf,svd,0.0003489667018465285,0.02279761736041672,2,0.004882700042799115,6288,0,complete,0
V2_PROJECTOR_RECOVERY,613f8991f766b9739dd0c9a6a6bd1f8dd946e947a378e87adf8180ef95273d60,64a78160844f7e3ff4414d5a4e75602658a7935b37b4b75aa6a7f47bf18f98c5,b8814c1a8ce7db4f302a0ed87ec2d0b9ecc6e901cf8f3e1ac596818cc5fea0a6,1,float64,numpy,cpu,research_v2.1,v2_projector_recovery_2eda0472ca7982ea,complete,,artifacts\runs_v2\v2_projector_recovery_2eda0472ca7982ea,spectral,0.0021420667378139547,0.052308076030039716,2,0.005728099960833788,6288,0,complete,0
V2_PROJECTOR_RECOVERY,cffe2ad89f9ec2057f38b14278e78a0c1b46503875a2ab05076d97a5edb7e4fb,64a78160844f7e3ff4414d5a4e75602658a7935b37b4b75aa6a7f47bf18f98c5,b8814c1a8ce7db4f302a0ed87ec2d0b9ecc6e901cf8f3e1ac596818cc5fea0a6,1,float64,numpy,cpu,research_v2.1,v2_projector_recovery_264f4065593f72a5,complete,,artifacts\runs_v2\v2_projector_recovery_264f4065593f72a5,closure_minimizing,0.13813531508396626,1.5465236286538908,2,0.004101800033822656,6288,0,complete,0
V2_PROJECTOR_RECOVERY,73344649f17a5a4848ec6bfd7226aa8597010b61ad1677d33934a0cb3f76b7ab,57575c9bdb02b88e93b8ca4b000cb1af30f73c86a1223ffdff8bbdba5f8ead16,f62a1417630c57002c7fc1f12165789d7c4cb2834466b3d6e8611d452bbf18c3,2,float64,numpy,cpu,research_v2.1,v2_projector_recovery_b759c37b116ffad9,complete,,artifacts\runs_v2\v2_projector_recovery_b759c37b116ffad9,known_invariant,0.026913724788370966,0.0,2,0.004194099979940802,6288,0,complete,0
V2_PROJECTOR_RECOVERY,ad14ad52351d9c9bc0b14266150e90baaf87a8d4e584e1a7c1927e4d942493f2,57575c9bdb02b88e93b8ca4b000cb1af30f73c86a1223ffdff8bbdba5f8ead16,f62a1417630c57002c7fc1f12165789d7c4cb2834466b3d6e8611d452bbf18c3,2,float64,numpy,cpu,research_v2.1,v2_projector_recovery_3964dd1ce2852a1a,complete,,artifacts\runs_v2\v2_projector_recovery_3964dd1ce2852a1a,random,0.7991109790543446,1.4627324027818227,2,0.004183099954389036,6288,0,complete,0
V2_PROJECTOR_RECOVERY,93bbf08da1ad000ab8723e286451d5250bbb64e064e37de9b75fd1fd5c061d62,57575c9bdb02b88e93b8ca4b000cb1af30f73c86a1223ffdff8bbdba5f8ead16,f62a1417630c57002c7fc1f12165789d7c4cb2834466b3d6e8611d452bbf18c3,2,float64,numpy,cpu,research_v2.1,v2_projector_recovery_42a909b5e1030c62,complete,,artifacts\runs_v2\v2_projector_recovery_42a909b5e1030c62,pca,0.026594292794388588,0.008516455919589827,2,0.005699100031051785,6288,0,complete,0
V2_PROJECTOR_RECOVERY,b0c8a13cd3919b04d01537efdaed15503d4137d6ddb606a546b71970f6c88057,57575c9bdb02b88e93b8ca4b000cb1af30f73c86a1223ffdff8bbdba5f8ead16,f62a1417630c57002c7fc1f12165789d7c4cb2834466b3d6e8611d452bbf18c3,2,float64,numpy,cpu,research_v2.1,v2_projector_recovery_b5df2c848b116ad2,complete,,artifacts\runs_v2\v2_projector_recovery_b5df2c848b116ad2,svd,0.02774139103183892,0.006408807497609507,2,0.004890899988822639,6288,0,complete,0
V2_PROJECTOR_RECOVERY,613f8991f766b9739dd0c9a6a6bd1f8dd946e947a378e87adf8180ef95273d60,57575c9bdb02b88e93b8ca4b000cb1af30f73c86a1223ffdff8bbdba5f8ead16,f62a1417630c57002c7fc1f12165789d7c4cb2834466b3d6e8611d452bbf18c3,2,float64,numpy,cpu,research_v2.1,v2_projector_recovery_7d950204c6554816,complete,,artifacts\runs_v2\v2_projector_recovery_7d950204c6554816,spectral,0.009225027754794052,0.023571350815762122,2,0.00423590000718832,6288,0,complete,0
V2_PROJECTOR_RECOVERY,cffe2ad89f9ec2057f38b14278e78a0c1b46503875a2ab05076d97a5edb7e4fb,57575c9bdb02b88e93b8ca4b000cb1af30f73c86a1223ffdff8bbdba5f8ead16,f62a1417630c57002c7fc1f12165789d7c4cb2834466b3d6e8611d452bbf18c3,2,float64,numpy,cpu,research_v2.1,v2_projector_recovery_649fd70fd0049dd3,complete,,artifacts\runs_v2\v2_projector_recovery_649fd70fd0049dd3,closure_minimizing,0.40742790034860044,1.0431772609538732,2,0.005007100000511855,6288,0,complete,0
V2_PROJECTOR_RECOVERY,73344649f17a5a4848ec6bfd7226aa8597010b61ad1677d33934a0cb3f76b7ab,f884779741cd6ab6fb6bf0d639bfe188b68934d9e427ef1849457f223ab21203,aca3b84ac17248dd01e4cf36cf4e7e862b6ca95977bb556f1ee0d885b0f652d4,3,float64,numpy,cpu,research_v2.1,v2_projector_recovery_374e252f46e16bb3,complete,,artifacts\runs_v2\v2_projector_recovery_374e252f46e16bb3,known_invariant,0.00129279546580649,0.0,2,0.00548200000775978,6288,0,complete,0
V2_PROJECTOR_RECOVERY,ad14ad52351d9c9bc0b14266150e90baaf87a8d4e584e1a7c1927e4d942493f2,f884779741cd6ab6fb6bf0d639bfe188b68934d9e427ef1849457f223ab21203,aca3b84ac17248dd01e4cf36cf4e7e862b6ca95977bb556f1ee0d885b0f652d4,3,float64,numpy,cpu,research_v2.1,v2_projector_recovery_fe34ca891621e1cb,complete,,artifacts\runs_v2\v2_projector_recovery_fe34ca891621e1cb,random,0.4017377932562903,1.3931227767943855,2,0.004959399986546487,6288,0,complete,0
V2_PROJECTOR_RECOVERY,93bbf08da1ad000ab8723e286451d5250bbb64e064e37de9b75fd1fd5c061d62,f884779741cd6ab6fb6bf0d639bfe188b68934d9e427ef1849457f223ab21203,aca3b84ac17248dd01e4cf36cf4e7e862b6ca95977bb556f1ee0d885b0f652d4,3,float64,numpy,cpu,research_v2.1,v2_projector_recovery_bd34ec5957de8bcf,complete,,artifacts\runs_v2\v2_projector_recovery_bd34ec5957de8bcf,pca,0.0008220437264759333,0.03221771886242153,2,0.004731900000479072,6288,0,complete,0
V2_PROJECTOR_RECOVERY,b0c8a13cd3919b04d01537efdaed15503d4137d6ddb606a546b71970f6c88057,f884779741cd6ab6fb6bf0d639bfe188b68934d9e427ef1849457f223ab21203,aca3b84ac17248dd01e4cf36cf4e7e862b6ca95977bb556f1ee0d885b0f652d4,3,float64,numpy,cpu,research_v2.1,v2_projector_recovery_2c60fd6f00e3181a,complete,,artifacts\runs_v2\v2_projector_recovery_2c60fd6f00e3181a,svd,0.0008609577258783376,0.029254006196412455,2,0.0044398000463843346,6288,0,complete,0
V2_PROJECTOR_RECOVERY,613f8991f766b9739dd0c9a6a6bd1f8dd946e947a378e87adf8180ef95273d60,f884779741cd6ab6fb6bf0d639bfe188b68934d9e427ef1849457f223ab21203,aca3b84ac17248dd01e4cf36cf4e7e862b6ca95977bb556f1ee0d885b0f652d4,3,float64,numpy,cpu,research_v2.1,v2_projector_recovery_de8982a5c1d3ca86,complete,,artifacts\runs_v2\v2_projector_recovery_de8982a5c1d3ca86,spectral,0.0031236603982858786,0.036678514118319835,2,0.005370600032620132,6288,0,complete,0
V2_PROJECTOR_RECOVERY,cffe2ad89f9ec2057f38b14278e78a0c1b46503875a2ab05076d97a5edb7e4fb,f884779741cd6ab6fb6bf0d639bfe188b68934d9e427ef1849457f223ab21203,aca3b84ac17248dd01e4cf36cf4e7e862b6ca95977bb556f1ee0d885b0f652d4,3,float64,numpy,cpu,research_v2.1,v2_projector_recovery_8b1e2e57f5451fa6,complete,,artifacts\runs_v2\v2_projector_recovery_8b1e2e57f5451fa6,closure_minimizing,0.019596379223620806,0.13697167307768382,2,0.0046657000202685595,6288,0,complete,0
V2_PROJECTOR_RECOVERY,73344649f17a5a4848ec6bfd7226aa8597010b61ad1677d33934a0cb3f76b7ab,3e4105c16f02fa93cb554824b5e08f6ed2297f567a340621c4bd12604fa494aa,7bf99f19140fad816641133613525a1a11504e274cfb50bc51f404756b2fe059,4,float64,numpy,cpu,research_v2.1,v2_projector_recovery_69f1aa32e4a5df22,complete,,artifacts\runs_v2\v2_projector_recovery_69f1aa32e4a5df22,known_invariant,0.001484935809333994,0.0,2,0.006712000002153218,6288,0,complete,0
V2_PROJECTOR_RECOVERY,ad14ad52351d9c9bc0b14266150e90baaf87a8d4e584e1a7c1927e4d942493f2,3e4105c16f02fa93cb554824b5e08f6ed2297f567a340621c4bd12604fa494aa,7bf99f19140fad816641133613525a1a11504e274cfb50bc51f404756b2fe059,4,float64,numpy,cpu,research_v2.1,v2_projector_recovery_0569baa0fbdaad59,complete,,artifacts\runs_v2\v2_projector_recovery_0569baa0fbdaad59,random,0.39057523839812025,1.246639318581135,2,0.0043803000007756054,6288,0,complete,0
V2_PROJECTOR_RECOVERY,93bbf08da1ad000ab8723e286451d5250bbb64e064e37de9b75fd1fd5c061d62,3e4105c16f02fa93cb554824b5e08f6ed2297f567a340621c4bd12604fa494aa,7bf99f19140fad816641133613525a1a11504e274cfb50bc51f404756b2fe059,4,float64,numpy,cpu,research_v2.1,v2_projector_recovery_0993fb1110b00931,complete,,artifacts\runs_v2\v2_projector_recovery_0993fb1110b00931,pca,0.0012779201401875752,0.009989203512446254,2,0.005147999967448413,6288,0,complete,0
V2_PROJECTOR_RECOVERY,b0c8a13cd3919b04d01537efdaed15503d4137d6ddb606a546b71970f6c88057,3e4105c16f02fa93cb554824b5e08f6ed2297f567a340621c4bd12604fa494aa,7bf99f19140fad816641133613525a1a11504e274cfb50bc51f404756b2fe059,4,float64,numpy,cpu,research_v2.1,v2_projector_recovery_eda2416b3d095986,complete,,artifacts\runs_v2\v2_projector_recovery_eda2416b3d095986,svd,0.001271703648590026,0.010315361985464705,2,0.005181299988180399,6288,0,complete,0
V2_PROJECTOR_RECOVERY,613f8991f766b9739dd0c9a6a6bd1f8dd946e947a378e87adf8180ef95273d60,3e4105c16f02fa93cb554824b5e08f6ed2297f567a340621c4bd12604fa494aa,7bf99f19140fad816641133613525a1a11504e274cfb50bc51f404756b2fe059,4,float64,numpy,cpu,research_v2.1,v2_projector_recovery_485e8b590e9210bd,complete,,artifacts\runs_v2\v2_projector_recovery_485e8b590e9210bd,spectral,0.004317182964050743,0.053629847029559696,2,0.005924600001890212,6288,0,complete,0
V2_PROJECTOR_RECOVERY,cffe2ad89f9ec2057f38b14278e78a0c1b46503875a2ab05076d97a5edb7e4fb,3e4105c16f02fa93cb554824b5e08f6ed2297f567a340621c4bd12604fa494aa,7bf99f19140fad816641133613525a1a11504e274cfb50bc51f404756b2fe059,4,float64,numpy,cpu,research_v2.1,v2_projector_recovery_2b7d4e094542503b,complete,,artifacts\runs_v2\v2_projector_recovery_2b7d4e094542503b,closure_minimizing,0.004509411161221066,0.11128156247623193,2,0.005423099966719747,6288,0,complete,0
