experiment_id,group,metric,n_unique_runs,mean,std,median,min,max,ci95_half_width,effect_size_vs_reference,convergence_status,failure_count
V2_APPROX_CLOSURE_BOUND,associator_left|epsilon=0.0,observed_error,5,0.0,0.0,0.0,0.0,0.0,0.0,0.0,complete,0
V2_APPROX_CLOSURE_BOUND,associator_left|epsilon=0.0,ram_peak_bytes,5,9344.2,96.59813662799093,9301.0,9301.0,9517.0,84.672,0.0,complete,0
V2_APPROX_CLOSURE_BOUND,associator_left|epsilon=0.0,runtime_seconds,5,0.0011319799930788576,7.847720641682545e-05,0.001111100020352751,0.0010430999682284892,0.0012226999970152974,6.878830434706332e-05,0.0,complete,0
V2_APPROX_CLOSURE_BOUND,associator_left|epsilon=0.0,theoretical_bound,5,0.0,0.0,0.0,0.0,0.0,0.0,0.0,complete,0
V2_APPROX_CLOSURE_BOUND,associator_left|epsilon=0.0,tightness_ratio,5,0.0,0.0,0.0,0.0,0.0,0.0,0.0,complete,0
V2_APPROX_CLOSURE_BOUND,associator_left|epsilon=0.01,observed_error,5,0.0007490680689538063,0.00020528069758417916,0.0007930482885934658,0.0004939644152219941,0.00102626329454857,0.00017993646495258615,NA_zero_variance,complete,0
V2_APPROX_CLOSURE_BOUND,associator_left|epsilon=0.01,ram_peak_bytes,5,9329.8,64.39875775199395,9301.0,9301.0,9445.0,56.44800000000001,-0.17541160386142357,complete,0
V2_APPROX_CLOSURE_BOUND,associator_left|epsilon=0.01,runtime_seconds,5,0.0011547600035555661,9.652535361924345e-05,0.00116460002027452,0.0010172000038437545,0.0012547000078484416,8.460820287997481e-05,0.2589656376866233,complete,0
V2_APPROX_CLOSURE_BOUND,associator_left|epsilon=0.01,theoretical_bound,5,0.020000999975001245,5.485677294651096e-18,0.020000999975001245,0.020000999975001238,0.02000099997500125,4.808408154719061e-18,NA_zero_variance,complete,0
V2_APPROX_CLOSURE_BOUND,associator_left|epsilon=0.01,tightness_ratio,5,0.037451530917956506,0.010263521715951922,0.03965043195763598,0.024696985942672275,0.05131059926160047,0.008996373440202205,NA_zero_variance,complete,0
V2_APPROX_CLOSURE_BOUND,associator_left|epsilon=0.05,observed_error,5,0.0037453403447690317,0.0010264034879208961,0.003965241442967329,0.0024698220761099703,0.00513131647274285,0.0008996823247629311,NA_zero_variance,complete,0
V2_APPROX_CLOSURE_BOUND,associator_left|epsilon=0.05,ram_peak_bytes,5,9329.8,64.39875775199395,9301.0,9301.0,9445.0,56.44800000000001,-0.17541160386142357,complete,0
V2_APPROX_CLOSURE_BOUND,associator_left|epsilon=0.05,runtime_seconds,5,0.00109579999698326,5.855991936732412e-05,0.0011009000008925796,0.001035400026012212,0.0011567999608814716,5.1330032501199335e-05,-0.5225416934377852,complete,0
V2_APPROX_CLOSURE_BOUND,associator_left|epsilon=0.05,theoretical_bound,5,0.10012492197250392,1.5515838457795457e-17,0.10012492197250392,0.10012492197250389,0.10012492197250392,1.3600232051658166e-17,NA_zero_variance,complete,0
V2_APPROX_CLOSURE_BOUND,associator_left|epsilon=0.05,tightness_ratio,5,0.03740667429231624,0.010251228841933729,0.0396029416537898,0.024667405751269675,0.05124914328674335,0.008985598261040343,NA_zero_variance,complete,0
V2_APPROX_CLOSURE_BOUND,associator_left|epsilon=0.1,observed_error,5,0.007490680689538063,0.0020528069758417923,0.007930482885934658,0.004939644152219941,0.0102626329454857,0.0017993646495258623,NA_zero_variance,complete,0
V2_APPROX_CLOSURE_BOUND,associator_left|epsilon=0.1,ram_peak_bytes,5,9301.0,0.0,9301.0,9301.0,9301.0,0.0,-0.6324555320336864,complete,0
V2_APPROX_CLOSURE_BOUND,associator_left|epsilon=0.1,runtime_seconds,5,0.001156679994892329,0.0001058851494457211,0.001141799963079393,0.0010112000163644552,0.0012984999921172857,9.281242565159576e-05,0.26503782772004186,complete,0
V2_APPROX_CLOSURE_BOUND,associator_left|epsilon=0.1,theoretical_bound,5,0.20099751242241776,3.671717528720129e-17,0.20099751242241776,0.2009975124224177,0.20099751242241778,3.218402315451132e-17,NA_zero_variance,complete,0
V2_APPROX_CLOSURE_BOUND,associator_left|epsilon=0.1,tightness_ratio,5,0.0372675293303909,0.010213096426425414,0.039455627039144146,0.024575648189310677,0.051058507251162795,0.008952173725136982,NA_zero_variance,complete,0
V2_APPROX_CLOSURE_BOUND,balanced|epsilon=0.0,observed_error,5,0.0,0.0,0.0,0.0,0.0,0.0,0.0,complete,0
V2_APPROX_CLOSURE_BOUND,balanced|epsilon=0.0,ram_peak_bytes,5,9877.0,71.55417527999327,9845.0,9845.0,10005.0,62.71999999999999,0.0,complete,0
V2_APPROX_CLOSURE_BOUND,balanced|epsilon=0.0,runtime_seconds,5,0.0024017199873924257,0.00033855259352780405,0.002258299966342747,0.002003900008276105,0.002806900010909885,0.00029675443233011386,0.0,complete,0
V2_APPROX_CLOSURE_BOUND,balanced|epsilon=0.0,theoretical_bound,5,0.0,0.0,0.0,0.0,0.0,0.0,0.0,complete,0
V2_APPROX_CLOSURE_BOUND,balanced|epsilon=0.0,tightness_ratio,5,0.0,0.0,0.0,0.0,0.0,0.0,0.0,complete,0
V2_APPROX_CLOSURE_BOUND,balanced|epsilon=0.01,observed_error,5,5.752946593159032e-05,7.819552906488666e-05,3.7465158250961587e-06,1.336413630644172e-07,0.0001656355634530868,6.854140326205367e-05,NA_zero_variance,complete,0
V2_APPROX_CLOSURE_BOUND,balanced|epsilon=0.01,ram_peak_bytes,5,9873.8,64.39875775199395,9845.0,9845.0,9989.0,56.44800000000001,-0.04701004947223754,complete,0
V2_APPROX_CLOSURE_BOUND,balanced|epsilon=0.01,runtime_seconds,5,0.002269459993112832,0.00012590066137424663,0.0022473999997600913,0.0021231999853625894,0.0024429000332020223,0.00011035679540003903,-0.5178334551043222,complete,0
V2_APPROX_CLOSURE_BOUND,balanced|epsilon=0.01,theoretical_bound,5,0.04000600014999749,2.110382192020081e-17,0.04000600014999748,0.040006000149997466,0.04000600014999751,1.8498315516258707e-17,NA_zero_variance,complete,0
V2_APPROX_CLOSURE_BOUND,balanced|epsilon=0.01,tightness_ratio,5,0.0014380209397563061,0.001954595030038052,9.364884794903427e-05,3.3405329841360223e-06,0.004140268030596834,0.0017132780834141442,NA_zero_variance,complete,0
V2_APPROX_CLOSURE_BOUND,balanced|epsilon=0.05,observed_error,5,0.0002876473296579515,0.0003909776453244333,1.8732579125480792e-05,6.682068153220859e-07,0.0008281778172654341,0.0003427070163102684,NA_zero_variance,complete,0
V2_APPROX_CLOSURE_BOUND,balanced|epsilon=0.05,ram_peak_bytes,5,9845.0,0.0,9845.0,9845.0,9845.0,0.0,-0.6324555320336759,complete,0
V2_APPROX_CLOSURE_BOUND,balanced|epsilon=0.05,runtime_seconds,5,0.002285339985974133,0.00019204931294107628,0.0022435999708250165,0.002099699981044978,0.0025410999660380185,0.0001683386449572036,-0.4228495735622892,complete,0
V2_APPROX_CLOSURE_BOUND,balanced|epsilon=0.05,theoretical_bound,5,0.20075046855487036,3.1031676915590914e-17,0.20075046855487036,0.2007504685548703,0.20075046855487036,2.7200464103316332e-17,NA_zero_variance,complete,0
V2_APPROX_CLOSURE_BOUND,balanced|epsilon=0.05,tightness_ratio,5,0.0014328600661737934,0.0019475802379886795,9.331275418847e-05,3.32854423769102e-06,0.004125409137160103,0.0017071293470809388,NA_zero_variance,complete,0
V2_APPROX_CLOSURE_BOUND,balanced|epsilon=0.1,observed_error,5,0.000575294659315903,0.0007819552906488666,3.7465158250961585e-05,1.3364136306441719e-06,0.0016563556345308682,0.0006854140326205368,NA_zero_variance,complete,0
V2_APPROX_CLOSURE_BOUND,balanced|epsilon=0.1,ram_peak_bytes,5,9845.0,0.0,9845.0,9845.0,9845.0,0.0,-0.6324555320336759,complete,0
V2_APPROX_CLOSURE_BOUND,balanced|epsilon=0.1,runtime_seconds,5,0.002248020016122609,0.0002490800198835039,0.0021498000132851303,0.002069600042887032,0.0026807000394910574,0.0002183282636682335,-0.5171556225706814,complete,0
V2_APPROX_CLOSURE_BOUND,balanced|epsilon=0.1,theoretical_bound,5,0.4060149750932839,1.902826396560654e-16,0.40601497509328377,0.40601497509328366,0.40601497509328405,1.6679008754595127e-16,NA_zero_variance,complete,0
V2_APPROX_CLOSURE_BOUND,balanced|epsilon=0.1,tightness_ratio,5,0.0014169296568032408,0.0019259272160323856,9.227531137824108e-05,3.291537782164623e-06,0.004079543209336828,0.001688149636508012,NA_zero_variance,complete,0
V2_PROJECTOR_RECOVERY,closure_minimizing,closure_leakage,5,0.14857547672956078,0.16210412768269378,0.13813531508396626,0.004509411161221066,0.40742790034860044,0.142090532781269,1.2367121167897936,complete,0
V2_PROJECTOR_RECOVERY,closure_minimizing,principal_angle_radians,5,0.8234143767376138,0.6627942777015133,1.0431772609538732,0.11128156247623193,1.5465236286538908,0.5809647995350751,NA_zero_variance,complete,0
V2_PROJECTOR_RECOVERY,closure_minimizing,ram_peak_bytes,5,6288.0,0.0,6288.0,6288.0,6288.0,0.0,0.0,complete,0
V2_PROJECTOR_RECOVERY,closure_minimizing,runtime_seconds,5,0.0048766200081445275,0.0005137712776073404,0.005007100000511855,0.004101800033822656,0.005423099966719747,0.000450340380633836,-0.8096096472021269,complete,0
V2_PROJECTOR_RECOVERY,known_invariant,closure_leakage,5,0.006464938316005959,0.0114389274256529,0.001484935809333994,0.0007328889491905325,0.026913724788370966,0.01002666197087105,0.0,complete,0
V2_PROJECTOR_RECOVERY,known_invariant,principal_angle_radians,5,0.0,0.0,0.0,0.0,0.0,0.0,0.0,complete,0
V2_PROJECTOR_RECOVERY,known_invariant,ram_peak_bytes,5,6288.0,0.0,6288.0,6288.0,6288.0,0.0,0.0,complete,0
V2_PROJECTOR_RECOVERY,known_invariant,runtime_seconds,5,0.005465299997013062,0.0008907490828251092,0.00548200000775978,0.004194099979940802,0.006712000002153218,0.0007807759960362736,0.0,complete,0
V2_SPECTRAL_GAP,no_gap|gap=1e-08,perturbation_norm,1,2e-08,0.0,2e-08,2e-08,2e-08,0.0,NA_no_reference,complete,0
V2_SPECTRAL_GAP,no_gap|gap=1e-08,snapped_projector_distance,1,1.0,0.0,1.0,1.0,1.0,0.0,NA_no_reference,complete,0
V2_SPECTRAL_GAP,no_gap|gap=1e-09,perturbation_norm,1,2e-09,0.0,2e-09,2e-09,2e-09,0.0,NA_no_reference,complete,0
V2_SPECTRAL_GAP,no_gap|gap=1e-09,snapped_projector_distance,1,1.0,0.0,1.0,1.0,1.0,0.0,NA_no_reference,complete,0
V2_SPECTRAL_GAP,no_gap|gap=1e-10,perturbation_norm,1,2e-10,0.0,2e-10,2e-10,2e-10,0.0,NA_no_reference,complete,0
V2_SPECTRAL_GAP,no_gap|gap=1e-10,snapped_projector_distance,1,1.0,0.0,1.0,1.0,1.0,0.0,NA_no_reference,complete,0
V2_SPECTRAL_GAP,no_gap|gap=1e-11,perturbation_norm,1,2e-11,0.0,2e-11,2e-11,2e-11,0.0,NA_no_reference,complete,0
V2_SPECTRAL_GAP,no_gap|gap=1e-11,snapped_projector_distance,1,1.0,0.0,1.0,1.0,1.0,0.0,NA_no_reference,complete,0
V2_SPECTRAL_GAP,no_gap|gap=1e-12,perturbation_norm,1,2e-12,0.0,2e-12,2e-12,2e-12,0.0,NA_no_reference,complete,0
V2_SPECTRAL_GAP,no_gap|gap=1e-12,snapped_projector_distance,1,1.0,0.0,1.0,1.0,1.0,0.0,NA_no_reference,complete,0
V2_PROJECTOR_RECOVERY,pca,closure_leakage,5,0.006169176915040091,0.011429397968447563,0.0012779201401875752,0.00039087805392135587,0.026594292794388588,0.010018309033343924,-0.025866465531674925,complete,0
V2_PROJECTOR_RECOVERY,pca,principal_angle_radians,5,0.018293155862881244,0.012046211359344609,0.010042227855402777,0.008516455919589827,0.03221771886242153,0.010558969808563278,NA_zero_variance,complete,0
V2_PROJECTOR_RECOVERY,pca,ram_peak_bytes,5,6288.0,0.0,6288.0,6288.0,6288.0,0.0,0.0,complete,0
V2_PROJECTOR_RECOVERY,pca,runtime_seconds,5,0.005012440006248653,0.0005083139347448618,0.005140500026755035,0.004342700005508959,0.005699100031051785,0.00044555680870396203,-0.6244660918697238,complete,0
V2_SPECTRAL_GAP,positive_gap|gap=0.05,perturbation_norm,15,0.008500000000000002,0.00862926912978647,0.005000000000000001,0.0005,0.020000000000000007,0.004367012708935023,NA_no_reference,complete,0
V2_SPECTRAL_GAP,positive_gap|gap=0.05,snapped_projector_distance,15,0.018851133386039585,0.019053223285432117,0.015022668643118638,0.0007476961011368258,0.060896360102577984,0.009642261352870527,NA_no_reference,complete,0
V2_SPECTRAL_GAP,positive_gap|gap=0.05,theoretical_bound,15,0.4800000000000001,0.40987803063838396,0.4000000000000001,0.04,1.0,0.20742690278746392,NA_no_reference,complete,0
V2_SPECTRAL_GAP,positive_gap|gap=0.1,perturbation_norm,15,0.017000000000000005,0.01725853825957294,0.01,0.0009999999999999996,0.04000000000000002,0.008734025417870045,NA_no_reference,complete,0
V2_SPECTRAL_GAP,positive_gap|gap=0.1,snapped_projector_distance,15,0.02150619954385171,0.021020468554059733,0.01661597820059218,0.0009692330734379933,0.06438106063677797,0.010637824819541739,NA_no_reference,complete,0
V2_SPECTRAL_GAP,positive_gap|gap=0.1,theoretical_bound,15,0.48000000000000004,0.40987803063838396,0.39999999999999997,0.03999999999999998,1.0,0.20742690278746392,NA_no_reference,complete,0
V2_SPECTRAL_GAP,positive_gap|gap=0.2,perturbation_norm,15,0.034,0.034517076519145866,0.020000000000000004,0.001999999999999999,0.08000000000000002,0.017468050835740084,NA_no_reference,complete,0
V2_SPECTRAL_GAP,positive_gap|gap=0.2,snapped_projector_distance,15,0.035093536518661865,0.03995911509380704,0.019454374440972855,0.0007134400905979875,0.1353587131060991,0.02022210233890001,NA_no_reference,complete,0
V2_SPECTRAL_GAP,positive_gap|gap=0.2,theoretical_bound,15,0.48000000000000004,0.40987803063838396,0.4000000000000001,0.03999999999999998,1.0,0.20742690278746392,NA_no_reference,complete,0
V2_SPECTRAL_GAP,positive_gap|gap=0.5,perturbation_norm,15,0.08499999999999998,0.08629269129786467,0.05,0.004999999999999999,0.20000000000000004,0.04367012708935021,NA_no_reference,complete,0
V2_SPECTRAL_GAP,positive_gap|gap=0.5,snapped_projector_distance,15,0.05204200351598113,0.05529196667587897,0.024791644912782046,0.002215774321657618,0.1689707895505192,0.027981595838992002,NA_no_reference,complete,0
V2_SPECTRAL_GAP,positive_gap|gap=0.5,theoretical_bound,15,0.4800000000000001,0.4098780306383839,0.4,0.039999999999999994,1.0,0.2074269027874639,NA_no_reference,complete,0
V2_PROJECTOR_RECOVERY,random,closure_leakage,5,0.5099319509969853,0.22910041520735905,0.4017377932562903,0.2572254711854316,0.7991109790543446,0.2008153680142159,3.1039839869026307,complete,0
V2_PROJECTOR_RECOVERY,random,principal_angle_radians,5,1.2529753254984606,0.24326486663339839,1.3199503914542143,0.8424317378807455,1.4627324027818227,0.21323105710524207,NA_zero_variance,complete,0
V2_PROJECTOR_RECOVERY,random,ram_peak_bytes,5,6288.0,0.0,6288.0,6288.0,6288.0,0.0,0.0,complete,0
V2_PROJECTOR_RECOVERY,random,runtime_seconds,5,0.004844079981558025,0.0006040447528403572,0.004959399986546487,0.004183099954389036,0.005726099945604801,0.0005294685704908144,-0.8162988061806777,complete,0
V2_CP_RANK_SWEEP,rank=0,ram_peak_bytes,5,0.0,0.0,0.0,0.0,0.0,0.0,0.0,complete,0
V2_CP_RANK_SWEEP,rank=0,relative_frobenius_error,5,0.0,0.0,0.0,0.0,0.0,0.0,0.0,complete,0
V2_CP_RANK_SWEEP,rank=0,runtime_seconds,5,0.0,0.0,0.0,0.0,0.0,0.0,0.0,complete,0
V2_CP_RANK_SWEEP,rank=1,ram_peak_bytes,5,8344.0,35.77708763999664,8328.0,8328.0,8408.0,31.359999999999996,NA_zero_variance,complete,0
V2_CP_RANK_SWEEP,rank=1,relative_frobenius_error,5,0.8814136195501525,0.0271725532385423,0.8895011085551975,0.8484172405173138,0.9105093657606754,0.023817793056136155,NA_zero_variance,complete,0
V2_CP_RANK_SWEEP,rank=1,runtime_seconds,5,0.00847542000701651,0.0011462075783284233,0.007876100018620491,0.007410399965010583,0.010188799991738051,0.0010046952400953656,NA_zero_variance,complete,0
V2_CP_RANK_SWEEP,rank=2,ram_peak_bytes,5,8470.4,14.310835055998655,8464.0,8464.0,8496.0,12.544,NA_zero_variance,complete,0
V2_CP_RANK_SWEEP,rank=2,relative_frobenius_error,5,0.7792946892121392,0.02636388623594561,0.7711380208611235,0.7537902670774316,0.8132413859416684,0.023108965175661012,NA_zero_variance,complete,0
V2_CP_RANK_SWEEP,rank=2,runtime_seconds,5,0.016653840010985733,0.0024220141321048077,0.015759099973365664,0.014340699999593198,0.020126900053583086,0.00212298899080579,NA_zero_variance,complete,0
V2_CP_RANK_SWEEP,rank=3,ram_peak_bytes,5,8568.0,0.0,8568.0,8568.0,8568.0,0.0,NA_zero_variance,complete,0
V2_CP_RANK_SWEEP,rank=3,relative_frobenius_error,5,0.7025548266524086,0.03500513379213643,0.6930333673144227,0.6688885281599295,0.7594054580640897,0.030683352618511277,NA_zero_variance,complete,0
V2_CP_RANK_SWEEP,rank=3,runtime_seconds,5,0.02292386001208797,0.001274883166836709,0.023116500000469387,0.020946100004948676,0.024394200008828193,0.001117484366371498,NA_zero_variance,complete,0
V2_APPROX_CLOSURE_BOUND,single|epsilon=0.0,observed_error,5,0.0,0.0,0.0,0.0,0.0,0.0,0.0,complete,0
V2_APPROX_CLOSURE_BOUND,single|epsilon=0.0,ram_peak_bytes,5,9145.8,46.51021393199562,9125.0,9125.0,9229.0,40.767999999999994,0.0,complete,0
V2_APPROX_CLOSURE_BOUND,single|epsilon=0.0,runtime_seconds,5,0.0005522800143808127,7.109958172110745e-05,0.0005154000245966017,0.00048180000158026814,0.0006469999789260328,6.232153117687752e-05,0.0,complete,0
V2_APPROX_CLOSURE_BOUND,single|epsilon=0.0,theoretical_bound,5,0.0,0.0,0.0,0.0,0.0,0.0,0.0,complete,0
V2_APPROX_CLOSURE_BOUND,single|epsilon=0.0,tightness_ratio,5,0.0,0.0,0.0,0.0,0.0,0.0,0.0,complete,0
V2_APPROX_CLOSURE_BOUND,single|epsilon=0.01,observed_error,5,0.0027703279862553156,0.0031337256929812687,0.0009458464346564637,0.00026722951933468546,0.007100467992738065,0.0027468316795587508,NA_zero_variance,complete,0
V2_APPROX_CLOSURE_BOUND,single|epsilon=0.01,ram_peak_bytes,5,9182.6,78.87204828074393,9125.0,9125.0,9269.0,69.13439850031241,0.5683778981580151,complete,0
V2_APPROX_CLOSURE_BOUND,single|epsilon=0.01,runtime_seconds,5,0.0006588600110262633,0.000262029482079676,0.0005327999824658036,0.000506000011228025,0.0011205000337213278,0.00022967896774337361,0.5551546009214834,complete,0
V2_APPROX_CLOSURE_BOUND,single|epsilon=0.01,theoretical_bound,5,0.009999999999999998,2.4532694666933987e-18,0.009999999999999998,0.009999999999999995,0.009999999999999998,2.1503854995032294e-18,NA_zero_variance,complete,0
V2_APPROX_CLOSURE_BOUND,single|epsilon=0.01,tightness_ratio,5,0.27703279862553176,0.313372569298127,0.09458464346564638,0.02672295193346855,0.7100467992738069,0.2746831679558752,NA_zero_variance,complete,0
V2_APPROX_CLOSURE_BOUND,single|epsilon=0.05,observed_error,5,0.013851639931276583,0.015668628464906343,0.004729232173282318,0.0013361475966734272,0.03550233996369033,0.013734158397793754,NA_zero_variance,complete,0
V2_APPROX_CLOSURE_BOUND,single|epsilon=0.05,ram_peak_bytes,5,9153.8,64.39875775199395,9125.0,9125.0,9269.0,56.44800000000001,0.14242182297397127,complete,0
V2_APPROX_CLOSURE_BOUND,single|epsilon=0.05,runtime_seconds,5,0.0005419600172899663,8.883171887054912e-05,0.0005074000218883157,0.000486800039652735,0.0007000000332482159,7.786443468545787e-05,-0.1282693815444157,complete,0
V2_APPROX_CLOSURE_BOUND,single|epsilon=0.05,theoretical_bound,5,0.04999999999999999,7.757919228897728e-18,0.04999999999999999,0.049999999999999975,0.04999999999999999,6.800116025829083e-18,NA_zero_variance,complete,0
V2_APPROX_CLOSURE_BOUND,single|epsilon=0.05,tightness_ratio,5,0.27703279862553176,0.313372569298127,0.09458464346564638,0.02672295193346855,0.7100467992738069,0.2746831679558752,NA_zero_variance,complete,0
V2_APPROX_CLOSURE_BOUND,single|epsilon=0.1,observed_error,5,0.027703279862553165,0.031337256929812686,0.009458464346564636,0.0026722951933468545,0.07100467992738066,0.02746831679558751,NA_zero_variance,complete,0
V2_APPROX_CLOSURE_BOUND,single|epsilon=0.1,ram_peak_bytes,5,9125.0,0.0,9125.0,9125.0,9125.0,0.0,-0.6324555320336538,complete,0
V2_APPROX_CLOSURE_BOUND,single|epsilon=0.1,runtime_seconds,5,0.00057220000308007,0.00010247402279586232,0.0005260000471025705,0.0004888999974355102,0.0007362000178545713,8.982244131256919e-05,0.22586766347209336,complete,0
V2_APPROX_CLOSURE_BOUND,single|epsilon=0.1,theoretical_bound,5,0.09999999999999998,1.5515838457795457e-17,0.09999999999999998,0.09999999999999995,0.09999999999999998,1.3600232051658166e-17,NA_zero_variance,complete,0
V2_APPROX_CLOSURE_BOUND,single|epsilon=0.1,tightness_ratio,5,0.27703279862553176,0.313372569298127,0.09458464346564638,0.02672295193346855,0.7100467992738069,0.2746831679558752,NA_zero_variance,complete,0
V2_PROJECTOR_RECOVERY,spectral,closure_leakage,5,0.004172946749589651,0.002968496946511879,0.0031236603982858786,0.0020567958930036226,0.009225027754794052,0.0026020022976532384,-0.2742776282604881,complete,0
V2_PROJECTOR_RECOVERY,spectral,principal_angle_radians,5,0.03752030688952342,0.015271695054571195,0.036678514118319835,0.021413746453935737,0.053629847029559696,0.013386230923278071,NA_zero_variance,complete,0
V2_PROJECTOR_RECOVERY,spectral,ram_peak_bytes,5,6288.0,0.0,6288.0,6288.0,6288.0,0.0,0.0,complete,0
V2_PROJECTOR_RECOVERY,spectral,runtime_seconds,5,0.005300740001257509,0.0006545543158724118,0.005370600032620132,0.00423590000718832,0.005924600001890212,0.0005737421545405802,-0.21053573743632736,complete,0
V2_PROJECTOR_RECOVERY,svd,closure_leakage,5,0.006406221862641235,0.011938758624106099,0.001271703648590026,0.0003489667018465285,0.02774139103183892,0.010464783333381533,-0.0050221426698069515,complete,0
V2_PROJECTOR_RECOVERY,svd,principal_angle_radians,5,0.014817603926830866,0.010646837124362308,0.010315361985464705,0.0053122265942509425,0.029254006196412455,0.00933236420973346,NA_zero_variance,complete,0
V2_PROJECTOR_RECOVERY,svd,ram_peak_bytes,5,6288.0,0.0,6288.0,6288.0,6288.0,0.0,0.0,complete,0
V2_PROJECTOR_RECOVERY,svd,runtime_seconds,5,0.005006300017703325,0.00044092844755917764,0.004890899988822639,0.0044398000463843346,0.005636800022330135,0.0003864908249266628,-0.6531031232866226,complete,0
