experiment_id,resolved_config_hash,mathematical_object_hash,input_artifact_hash,seed,precision,backend,device,implementation_version,run_id,status,failure_reason,run_path,epsilon_requested,closure_residual_upper,operator_norm_upper,tree_family,internal_nodes,tree_height,observed_error,projected_observed_error,theoretical_bound,tightness_ratio,runtime_seconds,ram_peak_bytes,vram_peak_bytes,convergence_status,failure_count,method,closure_leakage,principal_angle_radians,projector_rank,rank,relative_frobenius_error,control,gap,relative_perturbation,perturbation_norm,snapped_projector_distance,bound_respected,status_detail,reason,max_abs_error
V2_APPROX_CLOSURE_BOUND,f0e9b649fb1ea2b823fa658dbae332b7e05531b0e5cee5003239a1a7241efbcf,c92748d041b6187434fd1307c049bd41f15bbb18f9bf698c52ba54af536710da,af1af079aca662fd9be0462c398a67414ad961d76424f15e0ff32d24ec31274f,0,float64,numpy,cpu,research_v2.1,v2_approx_closure_bound_bb21b4dfabb7407e,complete,,artifacts\runs_v2\v2_approx_closure_bound_bb21b4dfabb7407e,0.0,0.0,1.0,single,1,1,0.0,0.0,0.0,0.0,0.0006469999789260328,9229,0,exact_zero_residual,0,,,,,,,,,,,,,,,
V2_APPROX_CLOSURE_BOUND,b440d00ac56c6a82bc54fd55d02a5375e06fdfd765d001f01b3297acb634737b,c92748d041b6187434fd1307c049bd41f15bbb18f9bf698c52ba54af536710da,af1af079aca662fd9be0462c398a67414ad961d76424f15e0ff32d24ec31274f,0,float64,numpy,cpu,research_v2.1,v2_approx_closure_bound_80544bd41a1dd8c9,complete,,artifacts\runs_v2\v2_approx_closure_bound_80544bd41a1dd8c9,0.0,0.0,1.0,associator_left,2,2,0.0,0.0,0.0,0.0,0.0010430999682284892,9517,0,exact_zero_residual,0,,,,,,,,,,,,,,,
V2_APPROX_CLOSURE_BOUND,d1ec9b69dcca859645a949590643846ef0fb3d19eef7fe0a01df0b894f9bac52,c92748d041b6187434fd1307c049bd41f15bbb18f9bf698c52ba54af536710da,af1af079aca662fd9be0462c398a67414ad961d76424f15e0ff32d24ec31274f,0,float64,numpy,cpu,research_v2.1,v2_approx_closure_bound_3ad4c68eb3511ed2,complete,,artifacts\runs_v2\v2_approx_closure_bound_3ad4c68eb3511ed2,0.0,0.0,1.0,balanced,4,2,0.0,0.0,0.0,0.0,0.002806900010909885,10005,0,exact_zero_residual,0,,,,,,,,,,,,,,,
V2_APPROX_CLOSURE_BOUND,dbcf79ea61d37961179b8f178553d87b84b9c8a8c51fc5e0719dfda8c148ca3a,941458f9147acb7de942d5d24fcb585b5d6ec111d89c492e0a4f74e5b6e6382c,af1af079aca662fd9be0462c398a67414ad961d76424f15e0ff32d24ec31274f,0,float64,numpy,cpu,research_v2.1,v2_approx_closure_bound_f823a377cf33291a,complete,,artifacts\runs_v2\v2_approx_closure_bound_f823a377cf33291a,0.01,0.01,1.0000499987500626,single,1,1,0.00026722951933468546,0.0,0.009999999999999998,0.02672295193346855,0.0011205000337213278,9269,0,complete,0,,,,,,,,,,,,,,,
V2_APPROX_CLOSURE_BOUND,a3aa63cb0fa9b826306d211bf0aa874ad3c9463b623da5368db235a58373d4a0,941458f9147acb7de942d5d24fcb585b5d6ec111d89c492e0a4f74e5b6e6382c,af1af079aca662fd9be0462c398a67414ad961d76424f15e0ff32d24ec31274f,0,float64,numpy,cpu,research_v2.1,v2_approx_closure_bound_2ef532263d7bfc17,complete,,artifacts\runs_v2\v2_approx_closure_bound_2ef532263d7bfc17,0.01,0.01,1.0000499987500626,associator_left,2,2,0.0006098987867800333,0.0,0.02000099997500125,0.03049341470638121,0.0012547000078484416,9445,0,complete,0,,,,,,,,,,,,,,,
V2_APPROX_CLOSURE_BOUND,fe7c714bee2613ee3e323aaaf8e8c77bb8ce609b1e1fa7a7a5e8194d72f9dec4,941458f9147acb7de942d5d24fcb585b5d6ec111d89c492e0a4f74e5b6e6382c,af1af079aca662fd9be0462c398a67414ad961d76424f15e0ff32d24ec31274f,0,float64,numpy,cpu,research_v2.1,v2_approx_closure_bound_c6a73acfece68025,complete,,artifacts\runs_v2\v2_approx_closure_bound_c6a73acfece68025,0.01,0.01,1.0000499987500626,balanced,4,2,3.7465158250961587e-06,0.0,0.04000600014999751,9.364884794903427e-05,0.0021912999800406396,9989,0,complete,0,,,,,,,,,,,,,,,
V2_APPROX_CLOSURE_BOUND,8a25afe352d3ebf31febe5f366adb5a80e6a59e0604df070e6b9246657514329,2c57b0aa91b1abd4a6f979a92e20aa6569190ca4d683fa3bd6e573cddfa69387,af1af079aca662fd9be0462c398a67414ad961d76424f15e0ff32d24ec31274f,0,float64,numpy,cpu,research_v2.1,v2_approx_closure_bound_d9a44c07db24d9e3,complete,,artifacts\runs_v2\v2_approx_closure_bound_d9a44c07db24d9e3,0.05,0.05,1.0012492197250393,single,1,1,0.0013361475966734272,0.0,0.04999999999999999,0.02672295193346855,0.0005049000028520823,9269,0,complete,0,,,,,,,,,,,,,,,
V2_APPROX_CLOSURE_BOUND,936b85efbac3382db1f6609d4617d8adb97de6164467ddc582f6d8c1a3fa32a0,2c57b0aa91b1abd4a6f979a92e20aa6569190ca4d683fa3bd6e573cddfa69387,af1af079aca662fd9be0462c398a67414ad961d76424f15e0ff32d24ec31274f,0,float64,numpy,cpu,research_v2.1,v2_approx_closure_bound_46ffd9b8e1f0311f,complete,,artifacts\runs_v2\v2_approx_closure_bound_46ffd9b8e1f0311f,0.05,0.05,1.0012492197250393,associator_left,2,2,0.0030494939339001663,0.0,0.10012492197250392,0.03045689198876591,0.0011009000008925796,9445,0,complete,0,,,,,,,,,,,,,,,
V2_APPROX_CLOSURE_BOUND,a5dd26d64121373379f72977d362a1888d03b17ef2da559e0cd975a4ebe7cab9,2c57b0aa91b1abd4a6f979a92e20aa6569190ca4d683fa3bd6e573cddfa69387,af1af079aca662fd9be0462c398a67414ad961d76424f15e0ff32d24ec31274f,0,float64,numpy,cpu,research_v2.1,v2_approx_closure_bound_7a7ca5386b477d52,complete,,artifacts\runs_v2\v2_approx_closure_bound_7a7ca5386b477d52,0.05,0.05,1.0012492197250393,balanced,4,2,1.8732579125480792e-05,0.0,0.20075046855487036,9.331275418847e-05,0.002099699981044978,9845,0,complete,0,,,,,,,,,,,,,,,
V2_APPROX_CLOSURE_BOUND,da3d1bbb937610d53bc5ae4588880853022b2049176e3002b96d99b0122d9387,5a198ae207c30619c7ea144594f6eb4e3bea1e2c466ca85385942434bc75c088,af1af079aca662fd9be0462c398a67414ad961d76424f15e0ff32d24ec31274f,0,float64,numpy,cpu,research_v2.1,v2_approx_closure_bound_89cfd14465d5daf6,complete,,artifacts\runs_v2\v2_approx_closure_bound_89cfd14465d5daf6,0.1,0.1,1.0049875621120892,single,1,1,0.0026722951933468545,0.0,0.09999999999999998,0.02672295193346855,0.0005027999868616462,9125,0,complete,0,,,,,,,,,,,,,,,
V2_APPROX_CLOSURE_BOUND,e1aec574c0b5d1521285d6de07eb184b8f09cbef6fd53dae1312f32ec5872e1a,5a198ae207c30619c7ea144594f6eb4e3bea1e2c466ca85385942434bc75c088,af1af079aca662fd9be0462c398a67414ad961d76424f15e0ff32d24ec31274f,0,float64,numpy,cpu,research_v2.1,v2_approx_closure_bound_94b8e5742702899a,complete,,artifacts\runs_v2\v2_approx_closure_bound_94b8e5742702899a,0.1,0.1,1.0049875621120892,associator_left,2,2,0.006098987867800333,0.0,0.20099751242241778,0.03034359875550428,0.0012984999921172857,9301,0,complete,0,,,,,,,,,,,,,,,
V2_APPROX_CLOSURE_BOUND,17d6e761bf61f83dcda6864e1c729b1a9ceef1f948d77ccc5493d692d207c509,5a198ae207c30619c7ea144594f6eb4e3bea1e2c466ca85385942434bc75c088,af1af079aca662fd9be0462c398a67414ad961d76424f15e0ff32d24ec31274f,0,float64,numpy,cpu,research_v2.1,v2_approx_closure_bound_9b8fc19f22ec0fb2,complete,,artifacts\runs_v2\v2_approx_closure_bound_9b8fc19f22ec0fb2,0.1,0.1,1.0049875621120892,balanced,4,2,3.7465158250961585e-05,0.0,0.40601497509328405,9.227531137824108e-05,0.0021498000132851303,9845,0,complete,0,,,,,,,,,,,,,,,
V2_APPROX_CLOSURE_BOUND,f0e9b649fb1ea2b823fa658dbae332b7e05531b0e5cee5003239a1a7241efbcf,2ad1cb47c66890a6462ba80949f48472805907e7cd060ba20e2ad73e1a5f32e2,3ac0a455dff31f643cda7695f806247c589144060c77030024e5887e9293f1bd,1,float64,numpy,cpu,research_v2.1,v2_approx_closure_bound_991ecfefd8843b2b,complete,,artifacts\runs_v2\v2_approx_closure_bound_991ecfefd8843b2b,0.0,0.0,0.9999999999999999,single,1,1,0.0,0.0,0.0,0.0,0.0006078000296838582,9125,0,exact_zero_residual,0,,,,,,,,,,,,,,,
V2_APPROX_CLOSURE_BOUND,b440d00ac56c6a82bc54fd55d02a5375e06fdfd765d001f01b3297acb634737b,2ad1cb47c66890a6462ba80949f48472805907e7cd060ba20e2ad73e1a5f32e2,3ac0a455dff31f643cda7695f806247c589144060c77030024e5887e9293f1bd,1,float64,numpy,cpu,research_v2.1,v2_approx_closure_bound_785c509ded92d955,complete,,artifacts\runs_v2\v2_approx_closure_bound_785c509ded92d955,0.0,0.0,0.9999999999999999,associator_left,2,2,0.0,0.0,0.0,0.0,0.001111100020352751,9301,0,exact_zero_residual,0,,,,,,,,,,,,,,,
V2_APPROX_CLOSURE_BOUND,d1ec9b69dcca859645a949590643846ef0fb3d19eef7fe0a01df0b894f9bac52,2ad1cb47c66890a6462ba80949f48472805907e7cd060ba20e2ad73e1a5f32e2,3ac0a455dff31f643cda7695f806247c589144060c77030024e5887e9293f1bd,1,float64,numpy,cpu,research_v2.1,v2_approx_closure_bound_ce7c1a2a7b89cec7,complete,,artifacts\runs_v2\v2_approx_closure_bound_ce7c1a2a7b89cec7,0.0,0.0,0.9999999999999999,balanced,4,2,0.0,0.0,0.0,0.0,0.0027001999551430345,9845,0,exact_zero_residual,0,,,,,,,,,,,,,,,
V2_APPROX_CLOSURE_BOUND,dbcf79ea61d37961179b8f178553d87b84b9c8a8c51fc5e0719dfda8c148ca3a,33eaac2054ea2eed30de4e2cfd9f48fd648c1da5beb4f9bd1cd57f706e2a8404,3ac0a455dff31f643cda7695f806247c589144060c77030024e5887e9293f1bd,1,float64,numpy,cpu,research_v2.1,v2_approx_closure_bound_8979fc6ccee9b3a2,complete,,artifacts\runs_v2\v2_approx_closure_bound_8979fc6ccee9b3a2,0.01,0.01,1.0000499987500624,single,1,1,0.0004306087418689227,0.0,0.009999999999999998,0.04306087418689228,0.0006203000084497035,9269,0,complete,0,,,,,,,,,,,,,,,
V2_APPROX_CLOSURE_BOUND,a3aa63cb0fa9b826306d211bf0aa874ad3c9463b623da5368db235a58373d4a0,33eaac2054ea2eed30de4e2cfd9f48fd648c1da5beb4f9bd1cd57f706e2a8404,3ac0a455dff31f643cda7695f806247c589144060c77030024e5887e9293f1bd,1,float64,numpy,cpu,research_v2.1,v2_approx_closure_bound_2c998599cfbbee7a,complete,,artifacts\runs_v2\v2_approx_closure_bound_2c998599cfbbee7a,0.01,0.01,1.0000499987500624,associator_left,2,2,0.00102626329454857,0.0,0.020000999975001245,0.05131059926160047,0.0012314000050537288,9301,0,complete,0,,,,,,,,,,,,,,,
V2_APPROX_CLOSURE_BOUND,fe7c714bee2613ee3e323aaaf8e8c77bb8ce609b1e1fa7a7a5e8194d72f9dec4,33eaac2054ea2eed30de4e2cfd9f48fd648c1da5beb4f9bd1cd57f706e2a8404,3ac0a455dff31f643cda7695f806247c589144060c77030024e5887e9293f1bd,1,float64,numpy,cpu,research_v2.1,v2_approx_closure_bound_59a829558616ee9f,complete,,artifacts\runs_v2\v2_approx_closure_bound_59a829558616ee9f,0.01,0.01,1.0000499987500624,balanced,4,2,1.7089057553716623e-06,0.0,0.04000600014999748,4.271623628866506e-05,0.002342499967198819,9845,0,complete,0,,,,,,,,,,,,,,,
V2_APPROX_CLOSURE_BOUND,8a25afe352d3ebf31febe5f366adb5a80e6a59e0604df070e6b9246657514329,eee47a50bc9035b3b400bc2a678d288ec87ea40f7049a6b8f9bf2390ed3b0c9a,3ac0a455dff31f643cda7695f806247c589144060c77030024e5887e9293f1bd,1,float64,numpy,cpu,research_v2.1,v2_approx_closure_bound_c583b92fa98ce330,complete,,artifacts\runs_v2\v2_approx_closure_bound_c583b92fa98ce330,0.05,0.05,1.0012492197250393,single,1,1,0.0021530437093446133,0.0,0.04999999999999999,0.04306087418689228,0.000486800039652735,9125,0,complete,0,,,,,,,,,,,,,,,
V2_APPROX_CLOSURE_BOUND,936b85efbac3382db1f6609d4617d8adb97de6164467ddc582f6d8c1a3fa32a0,eee47a50bc9035b3b400bc2a678d288ec87ea40f7049a6b8f9bf2390ed3b0c9a,3ac0a455dff31f643cda7695f806247c589144060c77030024e5887e9293f1bd,1,float64,numpy,cpu,research_v2.1,v2_approx_closure_bound_2f9713145c0e7e2c,complete,,artifacts\runs_v2\v2_approx_closure_bound_2f9713145c0e7e2c,0.05,0.05,1.0012492197250393,associator_left,2,2,0.00513131647274285,0.0,0.10012492197250392,0.05124914328674335,0.0011567999608814716,9301,0,complete,0,,,,,,,,,,,,,,,
V2_APPROX_CLOSURE_BOUND,a5dd26d64121373379f72977d362a1888d03b17ef2da559e0cd975a4ebe7cab9,eee47a50bc9035b3b400bc2a678d288ec87ea40f7049a6b8f9bf2390ed3b0c9a,3ac0a455dff31f643cda7695f806247c589144060c77030024e5887e9293f1bd,1,float64,numpy,cpu,research_v2.1,v2_approx_closure_bound_898ed16d4aef1f11,complete,,artifacts\runs_v2\v2_approx_closure_bound_898ed16d4aef1f11,0.05,0.05,1.0012492197250393,balanced,4,2,8.544528776858311e-06,0.0,0.20075046855487036,4.2562933169557547e-05,0.0025410999660380185,9845,0,complete,0,,,,,,,,,,,,,,,
V2_APPROX_CLOSURE_BOUND,da3d1bbb937610d53bc5ae4588880853022b2049176e3002b96d99b0122d9387,4e65a87d4a62e02eda2ca66b49b861538535e2179907f9c3e26bb6947a7395a3,3ac0a455dff31f643cda7695f806247c589144060c77030024e5887e9293f1bd,1,float64,numpy,cpu,research_v2.1,v2_approx_closure_bound_374d498a74da4a77,complete,,artifacts\runs_v2\v2_approx_closure_bound_374d498a74da4a77,0.1,0.1,1.004987562112089,single,1,1,0.004306087418689227,0.0,0.09999999999999998,0.04306087418689228,0.0007362000178545713,9125,0,complete,0,,,,,,,,,,,,,,,
V2_APPROX_CLOSURE_BOUND,e1aec574c0b5d1521285d6de07eb184b8f09cbef6fd53dae1312f32ec5872e1a,4e65a87d4a62e02eda2ca66b49b861538535e2179907f9c3e26bb6947a7395a3,3ac0a455dff31f643cda7695f806247c589144060c77030024e5887e9293f1bd,1,float64,numpy,cpu,research_v2.1,v2_approx_closure_bound_d647b0aeff2642bd,complete,,artifacts\runs_v2\v2_approx_closure_bound_d647b0aeff2642bd,0.1,0.1,1.004987562112089,associator_left,2,2,0.0102626329454857,0.0,0.20099751242241776,0.051058507251162795,0.001141799963079393,9301,0,complete,0,,,,,,,,,,,,,,,
V2_APPROX_CLOSURE_BOUND,17d6e761bf61f83dcda6864e1c729b1a9ceef1f948d77ccc5493d692d207c509,4e65a87d4a62e02eda2ca66b49b861538535e2179907f9c3e26bb6947a7395a3,3ac0a455dff31f643cda7695f806247c589144060c77030024e5887e9293f1bd,1,float64,numpy,cpu,research_v2.1,v2_approx_closure_bound_32f65f5d12c56748,complete,,artifacts\runs_v2\v2_approx_closure_bound_32f65f5d12c56748,0.1,0.1,1.004987562112089,balanced,4,2,1.7089057553716623e-05,0.0,0.40601497509328377,4.2089722305908386e-05,0.0026807000394910574,9845,0,complete,0,,,,,,,,,,,,,,,
V2_APPROX_CLOSURE_BOUND,f0e9b649fb1ea2b823fa658dbae332b7e05531b0e5cee5003239a1a7241efbcf,766a2baac277988382ca654df38674506cb40abf6fe2e0753fb517a16150a2d1,37f728f4c3c5bd530cebb986d560163ffa7a206d42ec5a76a2341015bfe121d5,2,float64,numpy,cpu,research_v2.1,v2_approx_closure_bound_b81a94b4bc21d100,complete,,artifacts\runs_v2\v2_approx_closure_bound_b81a94b4bc21d100,0.0,0.0,0.9999999999999999,single,1,1,0.0,0.0,0.0,0.0,0.00048180000158026814,9125,0,exact_zero_residual,0,,,,,,,,,,,,,,,
V2_APPROX_CLOSURE_BOUND,b440d00ac56c6a82bc54fd55d02a5375e06fdfd765d001f01b3297acb634737b,766a2baac277988382ca654df38674506cb40abf6fe2e0753fb517a16150a2d1,37f728f4c3c5bd530cebb986d560163ffa7a206d42ec5a76a2341015bfe121d5,2,float64,numpy,cpu,research_v2.1,v2_approx_closure_bound_76986664d6d97e0b,complete,,artifacts\runs_v2\v2_approx_closure_bound_76986664d6d97e0b,0.0,0.0,0.9999999999999999,associator_left,2,2,0.0,0.0,0.0,0.0,0.0010787000064738095,9301,0,exact_zero_residual,0,,,,,,,,,,,,,,,
V2_APPROX_CLOSURE_BOUND,d1ec9b69dcca859645a949590643846ef0fb3d19eef7fe0a01df0b894f9bac52,766a2baac277988382ca654df38674506cb40abf6fe2e0753fb517a16150a2d1,37f728f4c3c5bd530cebb986d560163ffa7a206d42ec5a76a2341015bfe121d5,2,float64,numpy,cpu,research_v2.1,v2_approx_closure_bound_7da286454ff617ba,complete,,artifacts\runs_v2\v2_approx_closure_bound_7da286454ff617ba,0.0,0.0,0.9999999999999999,balanced,4,2,0.0,0.0,0.0,0.0,0.002003900008276105,9845,0,exact_zero_residual,0,,,,,,,,,,,,,,,
V2_APPROX_CLOSURE_BOUND,dbcf79ea61d37961179b8f178553d87b84b9c8a8c51fc5e0719dfda8c148ca3a,31953a662f4dd01da0ad0c805e8b49f793d0d06b6d4dc0356b1729489824ab6d,37f728f4c3c5bd530cebb986d560163ffa7a206d42ec5a76a2341015bfe121d5,2,float64,numpy,cpu,research_v2.1,v2_approx_closure_bound_b5f43c319e1d39b1,complete,,artifacts\runs_v2\v2_approx_closure_bound_b5f43c319e1d39b1,0.01,0.01,1.0000499987500624,single,1,1,0.007100467992738065,0.0,0.009999999999999995,0.7100467992738069,0.0005147000192664564,9125,0,complete,0,,,,,,,,,,,,,,,
V2_APPROX_CLOSURE_BOUND,a3aa63cb0fa9b826306d211bf0aa874ad3c9463b623da5368db235a58373d4a0,31953a662f4dd01da0ad0c805e8b49f793d0d06b6d4dc0356b1729489824ab6d,37f728f4c3c5bd530cebb986d560163ffa7a206d42ec5a76a2341015bfe121d5,2,float64,numpy,cpu,research_v2.1,v2_approx_closure_bound_4577dd8ac1d7fc65,complete,,artifacts\runs_v2\v2_approx_closure_bound_4577dd8ac1d7fc65,0.01,0.01,1.0000499987500624,associator_left,2,2,0.0004939644152219941,0.0,0.020000999975001238,0.024696985942672275,0.0010172000038437545,9301,0,complete,0,,,,,,,,,,,,,,,
V2_APPROX_CLOSURE_BOUND,fe7c714bee2613ee3e323aaaf8e8c77bb8ce609b1e1fa7a7a5e8194d72f9dec4,31953a662f4dd01da0ad0c805e8b49f793d0d06b6d4dc0356b1729489824ab6d,37f728f4c3c5bd530cebb986d560163ffa7a206d42ec5a76a2341015bfe121d5,2,float64,numpy,cpu,research_v2.1,v2_approx_closure_bound_7c29950c1c4e66f5,complete,,artifacts\runs_v2\v2_approx_closure_bound_7c29950c1c4e66f5,0.01,0.01,1.0000499987500624,balanced,4,2,1.336413630644172e-07,0.0,0.040006000149997466,3.3405329841360223e-06,0.0024429000332020223,9845,0,complete,0,,,,,,,,,,,,,,,
V2_APPROX_CLOSURE_BOUND,8a25afe352d3ebf31febe5f366adb5a80e6a59e0604df070e6b9246657514329,efa981f603df4e655807f6435cf3590ae0c93587aed506d398606af86e706724,37f728f4c3c5bd530cebb986d560163ffa7a206d42ec5a76a2341015bfe121d5,2,float64,numpy,cpu,research_v2.1,v2_approx_closure_bound_bb58aa4fc5088706,complete,,artifacts\runs_v2\v2_approx_closure_bound_bb58aa4fc5088706,0.05,0.05,1.0012492197250393,single,1,1,0.03550233996369033,0.0,0.04999999999999998,0.7100467992738069,0.0007000000332482159,9125,0,complete,0,,,,,,,,,,,,,,,
V2_APPROX_CLOSURE_BOUND,936b85efbac3382db1f6609d4617d8adb97de6164467ddc582f6d8c1a3fa32a0,efa981f603df4e655807f6435cf3590ae0c93587aed506d398606af86e706724,37f728f4c3c5bd530cebb986d560163ffa7a206d42ec5a76a2341015bfe121d5,2,float64,numpy,cpu,research_v2.1,v2_approx_closure_bound_a26d2d62ec390f38,complete,,artifacts\runs_v2\v2_approx_closure_bound_a26d2d62ec390f38,0.05,0.05,1.0012492197250393,associator_left,2,2,0.0024698220761099703,0.0,0.1001249219725039,0.024667405751269675,0.0011491000186651945,9301,0,complete,0,,,,,,,,,,,,,,,
V2_APPROX_CLOSURE_BOUND,a5dd26d64121373379f72977d362a1888d03b17ef2da559e0cd975a4ebe7cab9,efa981f603df4e655807f6435cf3590ae0c93587aed506d398606af86e706724,37f728f4c3c5bd530cebb986d560163ffa7a206d42ec5a76a2341015bfe121d5,2,float64,numpy,cpu,research_v2.1,v2_approx_closure_bound_d882b4faa64f901a,complete,,artifacts\runs_v2\v2_approx_closure_bound_d882b4faa64f901a,0.05,0.05,1.0012492197250393,balanced,4,2,6.682068153220859e-07,0.0,0.20075046855487033,3.32854423769102e-06,0.0024219999904744327,9845,0,complete,0,,,,,,,,,,,,,,,
V2_APPROX_CLOSURE_BOUND,da3d1bbb937610d53bc5ae4588880853022b2049176e3002b96d99b0122d9387,72892151a797ffdcda0c2fe1ec73865e6ef28548e7203f01a10b4a0703f94caa,37f728f4c3c5bd530cebb986d560163ffa7a206d42ec5a76a2341015bfe121d5,2,float64,numpy,cpu,research_v2.1,v2_approx_closure_bound_cd66043638bebce8,complete,,artifacts\runs_v2\v2_approx_closure_bound_cd66043638bebce8,0.1,0.1,1.004987562112089,single,1,1,0.07100467992738066,0.0,0.09999999999999996,0.7100467992738069,0.0005260000471025705,9125,0,complete,0,,,,,,,,,,,,,,,
V2_APPROX_CLOSURE_BOUND,e1aec574c0b5d1521285d6de07eb184b8f09cbef6fd53dae1312f32ec5872e1a,72892151a797ffdcda0c2fe1ec73865e6ef28548e7203f01a10b4a0703f94caa,37f728f4c3c5bd530cebb986d560163ffa7a206d42ec5a76a2341015bfe121d5,2,float64,numpy,cpu,research_v2.1,v2_approx_closure_bound_ba75d01d700ff592,complete,,artifacts\runs_v2\v2_approx_closure_bound_ba75d01d700ff592,0.1,0.1,1.004987562112089,associator_left,2,2,0.004939644152219941,0.0,0.20099751242241773,0.024575648189310677,0.0011261000181548297,9301,0,complete,0,,,,,,,,,,,,,,,
V2_APPROX_CLOSURE_BOUND,17d6e761bf61f83dcda6864e1c729b1a9ceef1f948d77ccc5493d692d207c509,72892151a797ffdcda0c2fe1ec73865e6ef28548e7203f01a10b4a0703f94caa,37f728f4c3c5bd530cebb986d560163ffa7a206d42ec5a76a2341015bfe121d5,2,float64,numpy,cpu,research_v2.1,v2_approx_closure_bound_d8144b345f2cbc6f,complete,,artifacts\runs_v2\v2_approx_closure_bound_d8144b345f2cbc6f,0.1,0.1,1.004987562112089,balanced,4,2,1.3364136306441719e-06,0.0,0.4060149750932837,3.291537782164623e-06,0.002069600042887032,9845,0,complete,0,,,,,,,,,,,,,,,
V2_APPROX_CLOSURE_BOUND,f0e9b649fb1ea2b823fa658dbae332b7e05531b0e5cee5003239a1a7241efbcf,aa02f4163cf67c746341015a5d833ce1b7c85a9b9566be176a4ff80868bd768b,e79f5bc7afbc3674969b57747b256a20ee9381eec65d6fece90f93301e0a9693,3,float64,numpy,cpu,research_v2.1,v2_approx_closure_bound_593b9d9bb2a4529d,complete,,artifacts\runs_v2\v2_approx_closure_bound_593b9d9bb2a4529d,0.0,0.0,1.0,single,1,1,0.0,0.0,0.0,0.0,0.0005154000245966017,9125,0,exact_zero_residual,0,,,,,,,,,,,,,,,
V2_APPROX_CLOSURE_BOUND,b440d00ac56c6a82bc54fd55d02a5375e06fdfd765d001f01b3297acb634737b,aa02f4163cf67c746341015a5d833ce1b7c85a9b9566be176a4ff80868bd768b,e79f5bc7afbc3674969b57747b256a20ee9381eec65d6fece90f93301e0a9693,3,float64,numpy,cpu,research_v2.1,v2_approx_closure_bound_a3ee99034376428d,complete,,artifacts\runs_v2\v2_approx_closure_bound_a3ee99034376428d,0.0,0.0,1.0,associator_left,2,2,0.0,0.0,0.0,0.0,0.0012226999970152974,9301,0,exact_zero_residual,0,,,,,,,,,,,,,,,
V2_APPROX_CLOSURE_BOUND,d1ec9b69dcca859645a949590643846ef0fb3d19eef7fe0a01df0b894f9bac52,aa02f4163cf67c746341015a5d833ce1b7c85a9b9566be176a4ff80868bd768b,e79f5bc7afbc3674969b57747b256a20ee9381eec65d6fece90f93301e0a9693,3,float64,numpy,cpu,research_v2.1,v2_approx_closure_bound_492fd6b9d2e0bdb2,complete,,artifacts\runs_v2\v2_approx_closure_bound_492fd6b9d2e0bdb2,0.0,0.0,1.0,balanced,4,2,0.0,0.0,0.0,0.0,0.002239299996290356,9845,0,exact_zero_residual,0,,,,,,,,,,,,,,,
V2_APPROX_CLOSURE_BOUND,dbcf79ea61d37961179b8f178553d87b84b9c8a8c51fc5e0719dfda8c148ca3a,8d03cbec533596cd48a45a929987caf6bb60a5c5d715a452dd104e7d0bc6668a,e79f5bc7afbc3674969b57747b256a20ee9381eec65d6fece90f93301e0a9693,3,float64,numpy,cpu,research_v2.1,v2_approx_closure_bound_36199f4e2a73590a,complete,,artifacts\runs_v2\v2_approx_closure_bound_36199f4e2a73590a,0.01,0.01,1.0000499987500626,single,1,1,0.0009458464346564637,0.0,0.009999999999999998,0.09458464346564638,0.0005327999824658036,9125,0,complete,0,,,,,,,,,,,,,,,
V2_APPROX_CLOSURE_BOUND,a3aa63cb0fa9b826306d211bf0aa874ad3c9463b623da5368db235a58373d4a0,8d03cbec533596cd48a45a929987caf6bb60a5c5d715a452dd104e7d0bc6668a,e79f5bc7afbc3674969b57747b256a20ee9381eec65d6fece90f93301e0a9693,3,float64,numpy,cpu,research_v2.1,v2_approx_closure_bound_58564c3c5eb9eb9b,complete,,artifacts\runs_v2\v2_approx_closure_bound_58564c3c5eb9eb9b,0.01,0.01,1.0000499987500626,associator_left,2,2,0.0007930482885934658,0.0,0.02000099997500125,0.03965043195763598,0.00116460002027452,9301,0,complete,0,,,,,,,,,,,,,,,
V2_APPROX_CLOSURE_BOUND,fe7c714bee2613ee3e323aaaf8e8c77bb8ce609b1e1fa7a7a5e8194d72f9dec4,8d03cbec533596cd48a45a929987caf6bb60a5c5d715a452dd104e7d0bc6668a,e79f5bc7afbc3674969b57747b256a20ee9381eec65d6fece90f93301e0a9693,3,float64,numpy,cpu,research_v2.1,v2_approx_closure_bound_853bbbb9a410b3aa,complete,,artifacts\runs_v2\v2_approx_closure_bound_853bbbb9a410b3aa,0.01,0.01,1.0000499987500626,balanced,4,2,0.0001656355634530868,0.0,0.04000600014999751,0.004140268030596834,0.0021231999853625894,9845,0,complete,0,,,,,,,,,,,,,,,
V2_APPROX_CLOSURE_BOUND,8a25afe352d3ebf31febe5f366adb5a80e6a59e0604df070e6b9246657514329,8e981874798db7e6c8cccdf61a1578c98059b4e96ed0171da9b5f76f11791945,e79f5bc7afbc3674969b57747b256a20ee9381eec65d6fece90f93301e0a9693,3,float64,numpy,cpu,research_v2.1,v2_approx_closure_bound_f9923dcb4633c8f8,complete,,artifacts\runs_v2\v2_approx_closure_bound_f9923dcb4633c8f8,0.05,0.05,1.0012492197250393,single,1,1,0.004729232173282318,0.0,0.04999999999999999,0.09458464346564638,0.0005106999888084829,9125,0,complete,0,,,,,,,,,,,,,,,
V2_APPROX_CLOSURE_BOUND,936b85efbac3382db1f6609d4617d8adb97de6164467ddc582f6d8c1a3fa32a0,8e981874798db7e6c8cccdf61a1578c98059b4e96ed0171da9b5f76f11791945,e79f5bc7afbc3674969b57747b256a20ee9381eec65d6fece90f93301e0a9693,3,float64,numpy,cpu,research_v2.1,v2_approx_closure_bound_912e043425970448,complete,,artifacts\runs_v2\v2_approx_closure_bound_912e043425970448,0.05,0.05,1.0012492197250393,associator_left,2,2,0.003965241442967329,0.0,0.10012492197250392,0.0396029416537898,0.001035400026012212,9301,0,complete,0,,,,,,,,,,,,,,,
V2_APPROX_CLOSURE_BOUND,a5dd26d64121373379f72977d362a1888d03b17ef2da559e0cd975a4ebe7cab9,8e981874798db7e6c8cccdf61a1578c98059b4e96ed0171da9b5f76f11791945,e79f5bc7afbc3674969b57747b256a20ee9381eec65d6fece90f93301e0a9693,3,float64,numpy,cpu,research_v2.1,v2_approx_closure_bound_79d72991d1974b70,complete,,artifacts\runs_v2\v2_approx_closure_bound_79d72991d1974b70,0.05,0.05,1.0012492197250393,balanced,4,2,0.0008281778172654341,0.0,0.20075046855487036,0.004125409137160103,0.0022435999708250165,9845,0,complete,0,,,,,,,,,,,,,,,
V2_APPROX_CLOSURE_BOUND,da3d1bbb937610d53bc5ae4588880853022b2049176e3002b96d99b0122d9387,6284905756098aa7c69e14621252b4b1bd4c21b5b2c07835b529664364990ee5,e79f5bc7afbc3674969b57747b256a20ee9381eec65d6fece90f93301e0a9693,3,float64,numpy,cpu,research_v2.1,v2_approx_closure_bound_83d9c05b28339922,complete,,artifacts\runs_v2\v2_approx_closure_bound_83d9c05b28339922,0.1,0.1,1.0049875621120892,single,1,1,0.009458464346564636,0.0,0.09999999999999998,0.09458464346564638,0.0006070999661460519,9125,0,complete,0,,,,,,,,,,,,,,,
V2_APPROX_CLOSURE_BOUND,e1aec574c0b5d1521285d6de07eb184b8f09cbef6fd53dae1312f32ec5872e1a,6284905756098aa7c69e14621252b4b1bd4c21b5b2c07835b529664364990ee5,e79f5bc7afbc3674969b57747b256a20ee9381eec65d6fece90f93301e0a9693,3,float64,numpy,cpu,research_v2.1,v2_approx_closure_bound_d90ed22cf144ad2f,complete,,artifacts\runs_v2\v2_approx_closure_bound_d90ed22cf144ad2f,0.1,0.1,1.0049875621120892,associator_left,2,2,0.007930482885934658,0.0,0.20099751242241778,0.039455627039144146,0.0012057999847456813,9301,0,complete,0,,,,,,,,,,,,,,,
V2_APPROX_CLOSURE_BOUND,17d6e761bf61f83dcda6864e1c729b1a9ceef1f948d77ccc5493d692d207c509,6284905756098aa7c69e14621252b4b1bd4c21b5b2c07835b529664364990ee5,e79f5bc7afbc3674969b57747b256a20ee9381eec65d6fece90f93301e0a9693,3,float64,numpy,cpu,research_v2.1,v2_approx_closure_bound_8f1d61c9746554c3,complete,,artifacts\runs_v2\v2_approx_closure_bound_8f1d61c9746554c3,0.1,0.1,1.0049875621120892,balanced,4,2,0.0016563556345308682,0.0,0.40601497509328405,0.004079543209336828,0.002230399986729026,9845,0,complete,0,,,,,,,,,,,,,,,
V2_APPROX_CLOSURE_BOUND,f0e9b649fb1ea2b823fa658dbae332b7e05531b0e5cee5003239a1a7241efbcf,03ce1925acfeac22d55f7eabdc878dd1ea3fd89ac23259cf6443262d9ba8db5d,18b5eb938c458e7a75dd7cf545fbf2be260d2c68bcf9d97acd837ebe77cb7be1,4,float64,numpy,cpu,research_v2.1,v2_approx_closure_bound_6beb6eaca878eab7,complete,,artifacts\runs_v2\v2_approx_closure_bound_6beb6eaca878eab7,0.0,0.0,0.9999999999999999,single,1,1,0.0,0.0,0.0,0.0,0.0005094000371173024,9125,0,exact_zero_residual,0,,,,,,,,,,,,,,,
V2_APPROX_CLOSURE_BOUND,b440d00ac56c6a82bc54fd55d02a5375e06fdfd765d001f01b3297acb634737b,03ce1925acfeac22d55f7eabdc878dd1ea3fd89ac23259cf6443262d9ba8db5d,18b5eb938c458e7a75dd7cf545fbf2be260d2c68bcf9d97acd837ebe77cb7be1,4,float64,numpy,cpu,research_v2.1,v2_approx_closure_bound_86107a43e31f1dda,complete,,artifacts\runs_v2\v2_approx_closure_bound_86107a43e31f1dda,0.0,0.0,0.9999999999999999,associator_left,2,2,0.0,0.0,0.0,0.0,0.0012042999733239412,9301,0,exact_zero_residual,0,,,,,,,,,,,,,,,
V2_APPROX_CLOSURE_BOUND,d1ec9b69dcca859645a949590643846ef0fb3d19eef7fe0a01df0b894f9bac52,03ce1925acfeac22d55f7eabdc878dd1ea3fd89ac23259cf6443262d9ba8db5d,18b5eb938c458e7a75dd7cf545fbf2be260d2c68bcf9d97acd837ebe77cb7be1,4,float64,numpy,cpu,research_v2.1,v2_approx_closure_bound_eb1eefecc55c632b,complete,,artifacts\runs_v2\v2_approx_closure_bound_eb1eefecc55c632b,0.0,0.0,0.9999999999999999,balanced,4,2,0.0,0.0,0.0,0.0,0.002258299966342747,9845,0,exact_zero_residual,0,,,,,,,,,,,,,,,
V2_APPROX_CLOSURE_BOUND,dbcf79ea61d37961179b8f178553d87b84b9c8a8c51fc5e0719dfda8c148ca3a,269af0256f729e6b38426bbdf020b5ef607587c6211c99ec741cc700f05ea25d,18b5eb938c458e7a75dd7cf545fbf2be260d2c68bcf9d97acd837ebe77cb7be1,4,float64,numpy,cpu,research_v2.1,v2_approx_closure_bound_d4650db7a86ea6c4,complete,,artifacts\runs_v2\v2_approx_closure_bound_d4650db7a86ea6c4,0.01,0.01,1.0000499987500624,single,1,1,0.005107487242678442,0.0,0.009999999999999995,0.5107487242678445,0.000506000011228025,9125,0,complete,0,,,,,,,,,,,,,,,
V2_APPROX_CLOSURE_BOUND,a3aa63cb0fa9b826306d211bf0aa874ad3c9463b623da5368db235a58373d4a0,269af0256f729e6b38426bbdf020b5ef607587c6211c99ec741cc700f05ea25d,18b5eb938c458e7a75dd7cf545fbf2be260d2c68bcf9d97acd837ebe77cb7be1,4,float64,numpy,cpu,research_v2.1,v2_approx_closure_bound_3fad6e71e1c72636,complete,,artifacts\runs_v2\v2_approx_closure_bound_3fad6e71e1c72636,0.01,0.01,1.0000499987500624,associator_left,2,2,0.0008221655596249687,0.0,0.020000999975001238,0.04110622272149259,0.0011058999807573855,9301,0,complete,0,,,,,,,,,,,,,,,
V2_APPROX_CLOSURE_BOUND,fe7c714bee2613ee3e323aaaf8e8c77bb8ce609b1e1fa7a7a5e8194d72f9dec4,269af0256f729e6b38426bbdf020b5ef607587c6211c99ec741cc700f05ea25d,18b5eb938c458e7a75dd7cf545fbf2be260d2c68bcf9d97acd837ebe77cb7be1,4,float64,numpy,cpu,research_v2.1,v2_approx_closure_bound_c04798b9ad0b90c7,complete,,artifacts\runs_v2\v2_approx_closure_bound_c04798b9ad0b90c7,0.01,0.01,1.0000499987500624,balanced,4,2,0.00011642270326133251,0.0,0.040006000149997466,0.0029101310509628614,0.0022473999997600913,9845,0,complete,0,,,,,,,,,,,,,,,
V2_APPROX_CLOSURE_BOUND,8a25afe352d3ebf31febe5f366adb5a80e6a59e0604df070e6b9246657514329,f1ccd75a360aff57e3f1b422af6e67813fbfe81380f0517a2ce9540fca69b00c,18b5eb938c458e7a75dd7cf545fbf2be260d2c68bcf9d97acd837ebe77cb7be1,4,float64,numpy,cpu,research_v2.1,v2_approx_closure_bound_56f1d379821f2bb6,complete,,artifacts\runs_v2\v2_approx_closure_bound_56f1d379821f2bb6,0.05,0.05,1.0012492197250393,single,1,1,0.025537436213392217,0.0,0.049999999999999975,0.5107487242678446,0.0005074000218883157,9125,0,complete,0,,,,,,,,,,,,,,,
V2_APPROX_CLOSURE_BOUND,936b85efbac3382db1f6609d4617d8adb97de6164467ddc582f6d8c1a3fa32a0,f1ccd75a360aff57e3f1b422af6e67813fbfe81380f0517a2ce9540fca69b00c,18b5eb938c458e7a75dd7cf545fbf2be260d2c68bcf9d97acd837ebe77cb7be1,4,float64,numpy,cpu,research_v2.1,v2_approx_closure_bound_8fd47856ccb984a4,complete,,artifacts\runs_v2\v2_approx_closure_bound_8fd47856ccb984a4,0.05,0.05,1.0012492197250393,associator_left,2,2,0.004110827798124843,0.0,0.10012492197250389,0.04105698878101249,0.0010367999784648418,9301,0,complete,0,,,,,,,,,,,,,,,
V2_APPROX_CLOSURE_BOUND,a5dd26d64121373379f72977d362a1888d03b17ef2da559e0cd975a4ebe7cab9,f1ccd75a360aff57e3f1b422af6e67813fbfe81380f0517a2ce9540fca69b00c,18b5eb938c458e7a75dd7cf545fbf2be260d2c68bcf9d97acd837ebe77cb7be1,4,float64,numpy,cpu,research_v2.1,v2_approx_closure_bound_68839e7d20092742,complete,,artifacts\runs_v2\v2_approx_closure_bound_68839e7d20092742,0.05,0.05,1.0012492197250393,balanced,4,2,0.0005821135163066625,0.0,0.2007504685548703,0.0028996869621131455,0.0021203000214882195,9845,0,complete,0,,,,,,,,,,,,,,,
V2_APPROX_CLOSURE_BOUND,da3d1bbb937610d53bc5ae4588880853022b2049176e3002b96d99b0122d9387,adcd7ee9d28e0358854bf9b125581fb6cc86c6112a1519ea122767fcb108bf6a,18b5eb938c458e7a75dd7cf545fbf2be260d2c68bcf9d97acd837ebe77cb7be1,4,float64,numpy,cpu,research_v2.1,v2_approx_closure_bound_a719fbe5ac3a68d7,complete,,artifacts\runs_v2\v2_approx_closure_bound_a719fbe5ac3a68d7,0.1,0.1,1.004987562112089,single,1,1,0.051074872426784435,0.0,0.09999999999999995,0.5107487242678446,0.0004888999974355102,9125,0,complete,0,,,,,,,,,,,,,,,
V2_APPROX_CLOSURE_BOUND,e1aec574c0b5d1521285d6de07eb184b8f09cbef6fd53dae1312f32ec5872e1a,adcd7ee9d28e0358854bf9b125581fb6cc86c6112a1519ea122767fcb108bf6a,18b5eb938c458e7a75dd7cf545fbf2be260d2c68bcf9d97acd837ebe77cb7be1,4,float64,numpy,cpu,research_v2.1,v2_approx_closure_bound_bdfd89443c2af668,complete,,artifacts\runs_v2\v2_approx_closure_bound_bdfd89443c2af668,0.1,0.1,1.004987562112089,associator_left,2,2,0.008221655596249686,0.0,0.2009975124224177,0.040904265416832626,0.0010112000163644552,9301,0,complete,0,,,,,,,,,,,,,,,
V2_APPROX_CLOSURE_BOUND,17d6e761bf61f83dcda6864e1c729b1a9ceef1f948d77ccc5493d692d207c509,adcd7ee9d28e0358854bf9b125581fb6cc86c6112a1519ea122767fcb108bf6a,18b5eb938c458e7a75dd7cf545fbf2be260d2c68bcf9d97acd837ebe77cb7be1,4,float64,numpy,cpu,research_v2.1,v2_approx_closure_bound_b7d01a755e292538,complete,,artifacts\runs_v2\v2_approx_closure_bound_b7d01a755e292538,0.1,0.1,1.004987562112089,balanced,4,2,0.001164227032613325,0.0,0.40601497509328366,0.0028674485032130622,0.0021095999982208014,9845,0,complete,0,,,,,,,,,,,,,,,
V2_PROJECTOR_RECOVERY,73344649f17a5a4848ec6bfd7226aa8597010b61ad1677d33934a0cb3f76b7ab,991f121823f7497bd138f0d0692ab7710a64bfcd394cc6bc7370142cee5473a9,506c924445b0cd1233410fbc135e51c775a3247ffb63f5d314405819bd12e44f,0,float64,numpy,cpu,research_v2.1,v2_projector_recovery_c4096c402eed87c5,complete,,artifacts\runs_v2\v2_projector_recovery_c4096c402eed87c5,,,,,,,,,,,0.005429100012406707,6288,0,complete,0,known_invariant,0.001900346567327817,0.0,2,,,,,,,,,,,
V2_PROJECTOR_RECOVERY,ad14ad52351d9c9bc0b14266150e90baaf87a8d4e584e1a7c1927e4d942493f2,991f121823f7497bd138f0d0692ab7710a64bfcd394cc6bc7370142cee5473a9,506c924445b0cd1233410fbc135e51c775a3247ffb63f5d314405819bd12e44f,0,float64,numpy,cpu,research_v2.1,v2_projector_recovery_bf998efb99012f07,complete,,artifacts\runs_v2\v2_projector_recovery_bf998efb99012f07,,,,,,,,,,,0.0049715000204741955,6288,0,complete,0,random,0.7010102730907398,1.3199503914542143,2,,,,,,,,,,,
V2_PROJECTOR_RECOVERY,93bbf08da1ad000ab8723e286451d5250bbb64e064e37de9b75fd1fd5c061d62,991f121823f7497bd138f0d0692ab7710a64bfcd394cc6bc7370142cee5473a9,506c924445b0cd1233410fbc135e51c775a3247ffb63f5d314405819bd12e44f,0,float64,numpy,cpu,research_v2.1,v2_projector_recovery_59c3185392d25e21,complete,,artifacts\runs_v2\v2_projector_recovery_59c3185392d25e21,,,,,,,,,,,0.004342700005508959,6288,0,complete,0,pca,0.0017607498602270032,0.010042227855402777,2,,,,,,,,,,,
V2_PROJECTOR_RECOVERY,b0c8a13cd3919b04d01537efdaed15503d4137d6ddb606a546b71970f6c88057,991f121823f7497bd138f0d0692ab7710a64bfcd394cc6bc7370142cee5473a9,506c924445b0cd1233410fbc135e51c775a3247ffb63f5d314405819bd12e44f,0,float64,numpy,cpu,research_v2.1,v2_projector_recovery_23c3794fd3c2e11f,complete,,artifacts\runs_v2\v2_projector_recovery_23c3794fd3c2e11f,,,,,,,,,,,0.005636800022330135,6288,0,complete,0,svd,0.0018080902050523562,0.0053122265942509425,2,,,,,,,,,,,
V2_PROJECTOR_RECOVERY,613f8991f766b9739dd0c9a6a6bd1f8dd946e947a378e87adf8180ef95273d60,991f121823f7497bd138f0d0692ab7710a64bfcd394cc6bc7370142cee5473a9,506c924445b0cd1233410fbc135e51c775a3247ffb63f5d314405819bd12e44f,0,float64,numpy,cpu,research_v2.1,v2_projector_recovery_8a43d16c4b3e83d7,complete,,artifacts\runs_v2\v2_projector_recovery_8a43d16c4b3e83d7,,,,,,,,,,,0.005244500003755093,6288,0,complete,0,spectral,0.0020567958930036226,0.021413746453935737,2,,,,,,,,,,,
V2_PROJECTOR_RECOVERY,cffe2ad89f9ec2057f38b14278e78a0c1b46503875a2ab05076d97a5edb7e4fb,991f121823f7497bd138f0d0692ab7710a64bfcd394cc6bc7370142cee5473a9,506c924445b0cd1233410fbc135e51c775a3247ffb63f5d314405819bd12e44f,0,float64,numpy,cpu,research_v2.1,v2_projector_recovery_0f6855aad7fe763e,complete,,artifacts\runs_v2\v2_projector_recovery_0f6855aad7fe763e,,,,,,,,,,,0.005185400019399822,6288,0,complete,0,closure_minimizing,0.1732083778303955,1.279117758526389,2,,,,,,,,,,,
V2_PROJECTOR_RECOVERY,73344649f17a5a4848ec6bfd7226aa8597010b61ad1677d33934a0cb3f76b7ab,64a78160844f7e3ff4414d5a4e75602658a7935b37b4b75aa6a7f47bf18f98c5,b8814c1a8ce7db4f302a0ed87ec2d0b9ecc6e901cf8f3e1ac596818cc5fea0a6,1,float64,numpy,cpu,research_v2.1,v2_projector_recovery_dbad7e878a0e8fee,complete,,artifacts\runs_v2\v2_projector_recovery_dbad7e878a0e8fee,,,,,,,,,,,0.005509299982804805,6288,0,complete,0,known_invariant,0.0007328889491905325,0.0,2,,,,,,,,,,,
V2_PROJECTOR_RECOVERY,ad14ad52351d9c9bc0b14266150e90baaf87a8d4e584e1a7c1927e4d942493f2,64a78160844f7e3ff4414d5a4e75602658a7935b37b4b75aa6a7f47bf18f98c5,b8814c1a8ce7db4f302a0ed87ec2d0b9ecc6e901cf8f3e1ac596818cc5fea0a6,1,float64,numpy,cpu,research_v2.1,v2_projector_recovery_230de994eb10fc6e,complete,,artifacts\runs_v2\v2_projector_recovery_230de994eb10fc6e,,,,,,,,,,,0.005726099945604801,6288,0,complete,0,random,0.2572254711854316,0.8424317378807455,2,,,,,,,,,,,
V2_PROJECTOR_RECOVERY,93bbf08da1ad000ab8723e286451d5250bbb64e064e37de9b75fd1fd5c061d62,64a78160844f7e3ff4414d5a4e75602658a7935b37b4b75aa6a7f47bf18f98c5,b8814c1a8ce7db4f302a0ed87ec2d0b9ecc6e901cf8f3e1ac596818cc5fea0a6,1,float64,numpy,cpu,research_v2.1,v2_projector_recovery_37216a5eaf7c20ca,complete,,artifacts\runs_v2\v2_projector_recovery_37216a5eaf7c20ca,,,,,,,,,,,0.005140500026755035,6288,0,complete,0,pca,0.00039087805392135587,0.030700173164545826,2,,,,,,,,,,,
V2_PROJECTOR_RECOVERY,b0c8a13cd3919b04d01537efdaed15503d4137d6ddb606a546b71970f6c88057,64a78160844f7e3ff4414d5a4e75602658a7935b37b4b75aa6a7f47bf18f98c5,b8814c1a8ce7db4f302a0ed87ec2d0b9ecc6e901cf8f3e1ac596818cc5fea0a6,1,float64,numpy,cpu,research_v2.1,v2_projector_recovery_3f85ec90fb33ffaf,complete,,artifacts\runs_v2\v2_projector_recovery_3f85ec90fb33ffaf,,,,,,,,,,,0.004882700042799115,6288,0,complete,0,svd,0.0003489667018465285,0.02279761736041672,2,,,,,,,,,,,
V2_PROJECTOR_RECOVERY,613f8991f766b9739dd0c9a6a6bd1f8dd946e947a378e87adf8180ef95273d60,64a78160844f7e3ff4414d5a4e75602658a7935b37b4b75aa6a7f47bf18f98c5,b8814c1a8ce7db4f302a0ed87ec2d0b9ecc6e901cf8f3e1ac596818cc5fea0a6,1,float64,numpy,cpu,research_v2.1,v2_projector_recovery_2eda0472ca7982ea,complete,,artifacts\runs_v2\v2_projector_recovery_2eda0472ca7982ea,,,,,,,,,,,0.005728099960833788,6288,0,complete,0,spectral,0.0021420667378139547,0.052308076030039716,2,,,,,,,,,,,
V2_PROJECTOR_RECOVERY,cffe2ad89f9ec2057f38b14278e78a0c1b46503875a2ab05076d97a5edb7e4fb,64a78160844f7e3ff4414d5a4e75602658a7935b37b4b75aa6a7f47bf18f98c5,b8814c1a8ce7db4f302a0ed87ec2d0b9ecc6e901cf8f3e1ac596818cc5fea0a6,1,float64,numpy,cpu,research_v2.1,v2_projector_recovery_264f4065593f72a5,complete,,artifacts\runs_v2\v2_projector_recovery_264f4065593f72a5,,,,,,,,,,,0.004101800033822656,6288,0,complete,0,closure_minimizing,0.13813531508396626,1.5465236286538908,2,,,,,,,,,,,
V2_PROJECTOR_RECOVERY,73344649f17a5a4848ec6bfd7226aa8597010b61ad1677d33934a0cb3f76b7ab,57575c9bdb02b88e93b8ca4b000cb1af30f73c86a1223ffdff8bbdba5f8ead16,f62a1417630c57002c7fc1f12165789d7c4cb2834466b3d6e8611d452bbf18c3,2,float64,numpy,cpu,research_v2.1,v2_projector_recovery_b759c37b116ffad9,complete,,artifacts\runs_v2\v2_projector_recovery_b759c37b116ffad9,,,,,,,,,,,0.004194099979940802,6288,0,complete,0,known_invariant,0.026913724788370966,0.0,2,,,,,,,,,,,
V2_PROJECTOR_RECOVERY,ad14ad52351d9c9bc0b14266150e90baaf87a8d4e584e1a7c1927e4d942493f2,57575c9bdb02b88e93b8ca4b000cb1af30f73c86a1223ffdff8bbdba5f8ead16,f62a1417630c57002c7fc1f12165789d7c4cb2834466b3d6e8611d452bbf18c3,2,float64,numpy,cpu,research_v2.1,v2_projector_recovery_3964dd1ce2852a1a,complete,,artifacts\runs_v2\v2_projector_recovery_3964dd1ce2852a1a,,,,,,,,,,,0.004183099954389036,6288,0,complete,0,random,0.7991109790543446,1.4627324027818227,2,,,,,,,,,,,
V2_PROJECTOR_RECOVERY,93bbf08da1ad000ab8723e286451d5250bbb64e064e37de9b75fd1fd5c061d62,57575c9bdb02b88e93b8ca4b000cb1af30f73c86a1223ffdff8bbdba5f8ead16,f62a1417630c57002c7fc1f12165789d7c4cb2834466b3d6e8611d452bbf18c3,2,float64,numpy,cpu,research_v2.1,v2_projector_recovery_42a909b5e1030c62,complete,,artifacts\runs_v2\v2_projector_recovery_42a909b5e1030c62,,,,,,,,,,,0.005699100031051785,6288,0,complete,0,pca,0.026594292794388588,0.008516455919589827,2,,,,,,,,,,,
V2_PROJECTOR_RECOVERY,b0c8a13cd3919b04d01537efdaed15503d4137d6ddb606a546b71970f6c88057,57575c9bdb02b88e93b8ca4b000cb1af30f73c86a1223ffdff8bbdba5f8ead16,f62a1417630c57002c7fc1f12165789d7c4cb2834466b3d6e8611d452bbf18c3,2,float64,numpy,cpu,research_v2.1,v2_projector_recovery_b5df2c848b116ad2,complete,,artifacts\runs_v2\v2_projector_recovery_b5df2c848b116ad2,,,,,,,,,,,0.004890899988822639,6288,0,complete,0,svd,0.02774139103183892,0.006408807497609507,2,,,,,,,,,,,
V2_PROJECTOR_RECOVERY,613f8991f766b9739dd0c9a6a6bd1f8dd946e947a378e87adf8180ef95273d60,57575c9bdb02b88e93b8ca4b000cb1af30f73c86a1223ffdff8bbdba5f8ead16,f62a1417630c57002c7fc1f12165789d7c4cb2834466b3d6e8611d452bbf18c3,2,float64,numpy,cpu,research_v2.1,v2_projector_recovery_7d950204c6554816,complete,,artifacts\runs_v2\v2_projector_recovery_7d950204c6554816,,,,,,,,,,,0.00423590000718832,6288,0,complete,0,spectral,0.009225027754794052,0.023571350815762122,2,,,,,,,,,,,
V2_PROJECTOR_RECOVERY,cffe2ad89f9ec2057f38b14278e78a0c1b46503875a2ab05076d97a5edb7e4fb,57575c9bdb02b88e93b8ca4b000cb1af30f73c86a1223ffdff8bbdba5f8ead16,f62a1417630c57002c7fc1f12165789d7c4cb2834466b3d6e8611d452bbf18c3,2,float64,numpy,cpu,research_v2.1,v2_projector_recovery_649fd70fd0049dd3,complete,,artifacts\runs_v2\v2_projector_recovery_649fd70fd0049dd3,,,,,,,,,,,0.005007100000511855,6288,0,complete,0,closure_minimizing,0.40742790034860044,1.0431772609538732,2,,,,,,,,,,,
V2_PROJECTOR_RECOVERY,73344649f17a5a4848ec6bfd7226aa8597010b61ad1677d33934a0cb3f76b7ab,f884779741cd6ab6fb6bf0d639bfe188b68934d9e427ef1849457f223ab21203,aca3b84ac17248dd01e4cf36cf4e7e862b6ca95977bb556f1ee0d885b0f652d4,3,float64,numpy,cpu,research_v2.1,v2_projector_recovery_374e252f46e16bb3,complete,,artifacts\runs_v2\v2_projector_recovery_374e252f46e16bb3,,,,,,,,,,,0.00548200000775978,6288,0,complete,0,known_invariant,0.00129279546580649,0.0,2,,,,,,,,,,,
V2_PROJECTOR_RECOVERY,ad14ad52351d9c9bc0b14266150e90baaf87a8d4e584e1a7c1927e4d942493f2,f884779741cd6ab6fb6bf0d639bfe188b68934d9e427ef1849457f223ab21203,aca3b84ac17248dd01e4cf36cf4e7e862b6ca95977bb556f1ee0d885b0f652d4,3,float64,numpy,cpu,research_v2.1,v2_projector_recovery_fe34ca891621e1cb,complete,,artifacts\runs_v2\v2_projector_recovery_fe34ca891621e1cb,,,,,,,,,,,0.004959399986546487,6288,0,complete,0,random,0.4017377932562903,1.3931227767943855,2,,,,,,,,,,,
V2_PROJECTOR_RECOVERY,93bbf08da1ad000ab8723e286451d5250bbb64e064e37de9b75fd1fd5c061d62,f884779741cd6ab6fb6bf0d639bfe188b68934d9e427ef1849457f223ab21203,aca3b84ac17248dd01e4cf36cf4e7e862b6ca95977bb556f1ee0d885b0f652d4,3,float64,numpy,cpu,research_v2.1,v2_projector_recovery_bd34ec5957de8bcf,complete,,artifacts\runs_v2\v2_projector_recovery_bd34ec5957de8bcf,,,,,,,,,,,0.004731900000479072,6288,0,complete,0,pca,0.0008220437264759333,0.03221771886242153,2,,,,,,,,,,,
V2_PROJECTOR_RECOVERY,b0c8a13cd3919b04d01537efdaed15503d4137d6ddb606a546b71970f6c88057,f884779741cd6ab6fb6bf0d639bfe188b68934d9e427ef1849457f223ab21203,aca3b84ac17248dd01e4cf36cf4e7e862b6ca95977bb556f1ee0d885b0f652d4,3,float64,numpy,cpu,research_v2.1,v2_projector_recovery_2c60fd6f00e3181a,complete,,artifacts\runs_v2\v2_projector_recovery_2c60fd6f00e3181a,,,,,,,,,,,0.0044398000463843346,6288,0,complete,0,svd,0.0008609577258783376,0.029254006196412455,2,,,,,,,,,,,
V2_PROJECTOR_RECOVERY,613f8991f766b9739dd0c9a6a6bd1f8dd946e947a378e87adf8180ef95273d60,f884779741cd6ab6fb6bf0d639bfe188b68934d9e427ef1849457f223ab21203,aca3b84ac17248dd01e4cf36cf4e7e862b6ca95977bb556f1ee0d885b0f652d4,3,float64,numpy,cpu,research_v2.1,v2_projector_recovery_de8982a5c1d3ca86,complete,,artifacts\runs_v2\v2_projector_recovery_de8982a5c1d3ca86,,,,,,,,,,,0.005370600032620132,6288,0,complete,0,spectral,0.0031236603982858786,0.036678514118319835,2,,,,,,,,,,,
V2_PROJECTOR_RECOVERY,cffe2ad89f9ec2057f38b14278e78a0c1b46503875a2ab05076d97a5edb7e4fb,f884779741cd6ab6fb6bf0d639bfe188b68934d9e427ef1849457f223ab21203,aca3b84ac17248dd01e4cf36cf4e7e862b6ca95977bb556f1ee0d885b0f652d4,3,float64,numpy,cpu,research_v2.1,v2_projector_recovery_8b1e2e57f5451fa6,complete,,artifacts\runs_v2\v2_projector_recovery_8b1e2e57f5451fa6,,,,,,,,,,,0.0046657000202685595,6288,0,complete,0,closure_minimizing,0.019596379223620806,0.13697167307768382,2,,,,,,,,,,,
V2_PROJECTOR_RECOVERY,73344649f17a5a4848ec6bfd7226aa8597010b61ad1677d33934a0cb3f76b7ab,3e4105c16f02fa93cb554824b5e08f6ed2297f567a340621c4bd12604fa494aa,7bf99f19140fad816641133613525a1a11504e274cfb50bc51f404756b2fe059,4,float64,numpy,cpu,research_v2.1,v2_projector_recovery_69f1aa32e4a5df22,complete,,artifacts\runs_v2\v2_projector_recovery_69f1aa32e4a5df22,,,,,,,,,,,0.006712000002153218,6288,0,complete,0,known_invariant,0.001484935809333994,0.0,2,,,,,,,,,,,
V2_PROJECTOR_RECOVERY,ad14ad52351d9c9bc0b14266150e90baaf87a8d4e584e1a7c1927e4d942493f2,3e4105c16f02fa93cb554824b5e08f6ed2297f567a340621c4bd12604fa494aa,7bf99f19140fad816641133613525a1a11504e274cfb50bc51f404756b2fe059,4,float64,numpy,cpu,research_v2.1,v2_projector_recovery_0569baa0fbdaad59,complete,,artifacts\runs_v2\v2_projector_recovery_0569baa0fbdaad59,,,,,,,,,,,0.0043803000007756054,6288,0,complete,0,random,0.39057523839812025,1.246639318581135,2,,,,,,,,,,,
V2_PROJECTOR_RECOVERY,93bbf08da1ad000ab8723e286451d5250bbb64e064e37de9b75fd1fd5c061d62,3e4105c16f02fa93cb554824b5e08f6ed2297f567a340621c4bd12604fa494aa,7bf99f19140fad816641133613525a1a11504e274cfb50bc51f404756b2fe059,4,float64,numpy,cpu,research_v2.1,v2_projector_recovery_0993fb1110b00931,complete,,artifacts\runs_v2\v2_projector_recovery_0993fb1110b00931,,,,,,,,,,,0.005147999967448413,6288,0,complete,0,pca,0.0012779201401875752,0.009989203512446254,2,,,,,,,,,,,
V2_PROJECTOR_RECOVERY,b0c8a13cd3919b04d01537efdaed15503d4137d6ddb606a546b71970f6c88057,3e4105c16f02fa93cb554824b5e08f6ed2297f567a340621c4bd12604fa494aa,7bf99f19140fad816641133613525a1a11504e274cfb50bc51f404756b2fe059,4,float64,numpy,cpu,research_v2.1,v2_projector_recovery_eda2416b3d095986,complete,,artifacts\runs_v2\v2_projector_recovery_eda2416b3d095986,,,,,,,,,,,0.005181299988180399,6288,0,complete,0,svd,0.001271703648590026,0.010315361985464705,2,,,,,,,,,,,
V2_PROJECTOR_RECOVERY,613f8991f766b9739dd0c9a6a6bd1f8dd946e947a378e87adf8180ef95273d60,3e4105c16f02fa93cb554824b5e08f6ed2297f567a340621c4bd12604fa494aa,7bf99f19140fad816641133613525a1a11504e274cfb50bc51f404756b2fe059,4,float64,numpy,cpu,research_v2.1,v2_projector_recovery_485e8b590e9210bd,complete,,artifacts\runs_v2\v2_projector_recovery_485e8b590e9210bd,,,,,,,,,,,0.005924600001890212,6288,0,complete,0,spectral,0.004317182964050743,0.053629847029559696,2,,,,,,,,,,,
V2_PROJECTOR_RECOVERY,cffe2ad89f9ec2057f38b14278e78a0c1b46503875a2ab05076d97a5edb7e4fb,3e4105c16f02fa93cb554824b5e08f6ed2297f567a340621c4bd12604fa494aa,7bf99f19140fad816641133613525a1a11504e274cfb50bc51f404756b2fe059,4,float64,numpy,cpu,research_v2.1,v2_projector_recovery_2b7d4e094542503b,complete,,artifacts\runs_v2\v2_projector_recovery_2b7d4e094542503b,,,,,,,,,,,0.005423099966719747,6288,0,complete,0,closure_minimizing,0.004509411161221066,0.11128156247623193,2,,,,,,,,,,,
V2_CP_RANK_SWEEP,fbdaf014e8cdf892a85399d75e2818f48e4a6c64e36e9493fb42ccadb9642fbd,75e55074540e202ef5982d6e5d815cd40df7a89ffaa6983a96d55e64833cca00,75e55074540e202ef5982d6e5d815cd40df7a89ffaa6983a96d55e64833cca00,0,float64,numpy,cpu,research_v2.1,v2_cp_rank_sweep_a8b3a8304e62bc69,complete,,artifacts\runs_v2\v2_cp_rank_sweep_a8b3a8304e62bc69,,,,,,,,,,,0.0,0,0,exact_dense_baseline,0,,,,,0,0.0,,,,,,,,,
V2_CP_RANK_SWEEP,341e7617e349b870871de0494d6f7d6eb7784f4f19d73f4c3cd9a946f6310bc7,75e55074540e202ef5982d6e5d815cd40df7a89ffaa6983a96d55e64833cca00,75e55074540e202ef5982d6e5d815cd40df7a89ffaa6983a96d55e64833cca00,0,float64,numpy,cpu,research_v2.1,v2_cp_rank_sweep_45ed2851c45c1dea,complete,,artifacts\runs_v2\v2_cp_rank_sweep_45ed2851c45c1dea,,,,,,,,,,,0.010188799991738051,8408,0,complete,0,,,,,1,0.8895011085551975,,,,,,,,,
V2_CP_RANK_SWEEP,9661151d8b0b0c90733191ce8d5b1a0b89298d8d8258e239a8e7efd515e19dfb,75e55074540e202ef5982d6e5d815cd40df7a89ffaa6983a96d55e64833cca00,75e55074540e202ef5982d6e5d815cd40df7a89ffaa6983a96d55e64833cca00,0,float64,numpy,cpu,research_v2.1,v2_cp_rank_sweep_6f836b3d68e15f39,complete,,artifacts\runs_v2\v2_cp_rank_sweep_6f836b3d68e15f39,,,,,,,,,,,0.01813620002940297,8496,0,complete,0,,,,,2,0.7578118743924438,,,,,,,,,
V2_CP_RANK_SWEEP,c9027993406236498f4d2c31a43cad45c30160cbd6c28291199a1efa8baf9183,75e55074540e202ef5982d6e5d815cd40df7a89ffaa6983a96d55e64833cca00,75e55074540e202ef5982d6e5d815cd40df7a89ffaa6983a96d55e64833cca00,0,float64,numpy,cpu,research_v2.1,v2_cp_rank_sweep_0f977f248a50e23d,complete,,artifacts\runs_v2\v2_cp_rank_sweep_0f977f248a50e23d,,,,,,,,,,,0.020946100004948676,8568,0,complete,0,,,,,3,0.6824563559815976,,,,,,,,,
V2_CP_RANK_SWEEP,fbdaf014e8cdf892a85399d75e2818f48e4a6c64e36e9493fb42ccadb9642fbd,ba063be53bcad1d704c7b6c22ab8b745747cb350c404474a572337bed994a795,ba063be53bcad1d704c7b6c22ab8b745747cb350c404474a572337bed994a795,1,float64,numpy,cpu,research_v2.1,v2_cp_rank_sweep_5cff3b2debe1a9ac,complete,,artifacts\runs_v2\v2_cp_rank_sweep_5cff3b2debe1a9ac,,,,,,,,,,,0.0,0,0,exact_dense_baseline,0,,,,,0,0.0,,,,,,,,,
V2_CP_RANK_SWEEP,341e7617e349b870871de0494d6f7d6eb7784f4f19d73f4c3cd9a946f6310bc7,ba063be53bcad1d704c7b6c22ab8b745747cb350c404474a572337bed994a795,ba063be53bcad1d704c7b6c22ab8b745747cb350c404474a572337bed994a795,1,float64,numpy,cpu,research_v2.1,v2_cp_rank_sweep_533f6675fb4d09ec,complete,,artifacts\runs_v2\v2_cp_rank_sweep_533f6675fb4d09ec,,,,,,,,,,,0.009093100030440837,8328,0,complete,0,,,,,1,0.8484172405173138,,,,,,,,,
V2_CP_RANK_SWEEP,9661151d8b0b0c90733191ce8d5b1a0b89298d8d8258e239a8e7efd515e19dfb,ba063be53bcad1d704c7b6c22ab8b745747cb350c404474a572337bed994a795,ba063be53bcad1d704c7b6c22ab8b745747cb350c404474a572337bed994a795,1,float64,numpy,cpu,research_v2.1,v2_cp_rank_sweep_6a43efd5cb82299f,complete,,artifacts\runs_v2\v2_cp_rank_sweep_6a43efd5cb82299f,,,,,,,,,,,0.014340699999593198,8464,0,complete,0,,,,,2,0.7537902670774316,,,,,,,,,
V2_CP_RANK_SWEEP,c9027993406236498f4d2c31a43cad45c30160cbd6c28291199a1efa8baf9183,ba063be53bcad1d704c7b6c22ab8b745747cb350c404474a572337bed994a795,ba063be53bcad1d704c7b6c22ab8b745747cb350c404474a572337bed994a795,1,float64,numpy,cpu,research_v2.1,v2_cp_rank_sweep_691ad353ce79e0ce,complete,,artifacts\runs_v2\v2_cp_rank_sweep_691ad353ce79e0ce,,,,,,,,,,,0.023494300025049597,8568,0,complete,0,,,,,3,0.6688885281599295,,,,,,,,,
V2_CP_RANK_SWEEP,fbdaf014e8cdf892a85399d75e2818f48e4a6c64e36e9493fb42ccadb9642fbd,f47612fbdd3a659f271d803bfe4766251759210b4ab39d6267aaf8c009530d92,f47612fbdd3a659f271d803bfe4766251759210b4ab39d6267aaf8c009530d92,2,float64,numpy,cpu,research_v2.1,v2_cp_rank_sweep_0e4acb1b1f6a6021,complete,,artifacts\runs_v2\v2_cp_rank_sweep_0e4acb1b1f6a6021,,,,,,,,,,,0.0,0,0,exact_dense_baseline,0,,,,,0,0.0,,,,,,,,,
V2_CP_RANK_SWEEP,341e7617e349b870871de0494d6f7d6eb7784f4f19d73f4c3cd9a946f6310bc7,f47612fbdd3a659f271d803bfe4766251759210b4ab39d6267aaf8c009530d92,f47612fbdd3a659f271d803bfe4766251759210b4ab39d6267aaf8c009530d92,2,float64,numpy,cpu,research_v2.1,v2_cp_rank_sweep_c0acb5f2605ebb74,complete,,artifacts\runs_v2\v2_cp_rank_sweep_c0acb5f2605ebb74,,,,,,,,,,,0.007876100018620491,8328,0,complete,0,,,,,1,0.9105093657606754,,,,,,,,,
V2_CP_RANK_SWEEP,9661151d8b0b0c90733191ce8d5b1a0b89298d8d8258e239a8e7efd515e19dfb,f47612fbdd3a659f271d803bfe4766251759210b4ab39d6267aaf8c009530d92,f47612fbdd3a659f271d803bfe4766251759210b4ab39d6267aaf8c009530d92,2,float64,numpy,cpu,research_v2.1,v2_cp_rank_sweep_a5de619c6c4ef655,complete,,artifacts\runs_v2\v2_cp_rank_sweep_a5de619c6c4ef655,,,,,,,,,,,0.01490629999898374,8464,0,complete,0,,,,,2,0.8132413859416684,,,,,,,,,
V2_CP_RANK_SWEEP,c9027993406236498f4d2c31a43cad45c30160cbd6c28291199a1efa8baf9183,f47612fbdd3a659f271d803bfe4766251759210b4ab39d6267aaf8c009530d92,f47612fbdd3a659f271d803bfe4766251759210b4ab39d6267aaf8c009530d92,2,float64,numpy,cpu,research_v2.1,v2_cp_rank_sweep_90698d695e4fd184,complete,,artifacts\runs_v2\v2_cp_rank_sweep_90698d695e4fd184,,,,,,,,,,,0.023116500000469387,8568,0,complete,0,,,,,3,0.7089904237420032,,,,,,,,,
V2_CP_RANK_SWEEP,fbdaf014e8cdf892a85399d75e2818f48e4a6c64e36e9493fb42ccadb9642fbd,5cc228eeed88646f2cb85a20e394e0dbe3d25b31f5423ecd21642b114e1cd1d8,5cc228eeed88646f2cb85a20e394e0dbe3d25b31f5423ecd21642b114e1cd1d8,3,float64,numpy,cpu,research_v2.1,v2_cp_rank_sweep_93ad675848839940,complete,,artifacts\runs_v2\v2_cp_rank_sweep_93ad675848839940,,,,,,,,,,,0.0,0,0,exact_dense_baseline,0,,,,,0,0.0,,,,,,,,,
V2_CP_RANK_SWEEP,341e7617e349b870871de0494d6f7d6eb7784f4f19d73f4c3cd9a946f6310bc7,5cc228eeed88646f2cb85a20e394e0dbe3d25b31f5423ecd21642b114e1cd1d8,5cc228eeed88646f2cb85a20e394e0dbe3d25b31f5423ecd21642b114e1cd1d8,3,float64,numpy,cpu,research_v2.1,v2_cp_rank_sweep_20a6eb1e6d98ce68,complete,,artifacts\runs_v2\v2_cp_rank_sweep_20a6eb1e6d98ce68,,,,,,,,,,,0.007410399965010583,8328,0,complete,0,,,,,1,0.9010445413964224,,,,,,,,,
V2_CP_RANK_SWEEP,9661151d8b0b0c90733191ce8d5b1a0b89298d8d8258e239a8e7efd515e19dfb,5cc228eeed88646f2cb85a20e394e0dbe3d25b31f5423ecd21642b114e1cd1d8,5cc228eeed88646f2cb85a20e394e0dbe3d25b31f5423ecd21642b114e1cd1d8,3,float64,numpy,cpu,research_v2.1,v2_cp_rank_sweep_f0852f1c3808e1f9,complete,,artifacts\runs_v2\v2_cp_rank_sweep_f0852f1c3808e1f9,,,,,,,,,,,0.015759099973365664,8464,0,complete,0,,,,,2,0.8004918977880284,,,,,,,,,
V2_CP_RANK_SWEEP,c9027993406236498f4d2c31a43cad45c30160cbd6c28291199a1efa8baf9183,5cc228eeed88646f2cb85a20e394e0dbe3d25b31f5423ecd21642b114e1cd1d8,5cc228eeed88646f2cb85a20e394e0dbe3d25b31f5423ecd21642b114e1cd1d8,3,float64,numpy,cpu,research_v2.1,v2_cp_rank_sweep_5997cb7b0d0894af,complete,,artifacts\runs_v2\v2_cp_rank_sweep_5997cb7b0d0894af,,,,,,,,,,,0.024394200008828193,8568,0,complete,0,,,,,3,0.7594054580640897,,,,,,,,,
V2_CP_RANK_SWEEP,fbdaf014e8cdf892a85399d75e2818f48e4a6c64e36e9493fb42ccadb9642fbd,5db1680e39b114ee8ef34c415f55f453d0163fa111c79627ac5c8272b102306a,5db1680e39b114ee8ef34c415f55f453d0163fa111c79627ac5c8272b102306a,4,float64,numpy,cpu,research_v2.1,v2_cp_rank_sweep_9b4f069e6b9cac85,complete,,artifacts\runs_v2\v2_cp_rank_sweep_9b4f069e6b9cac85,,,,,,,,,,,0.0,0,0,exact_dense_baseline,0,,,,,0,0.0,,,,,,,,,
V2_CP_RANK_SWEEP,341e7617e349b870871de0494d6f7d6eb7784f4f19d73f4c3cd9a946f6310bc7,5db1680e39b114ee8ef34c415f55f453d0163fa111c79627ac5c8272b102306a,5db1680e39b114ee8ef34c415f55f453d0163fa111c79627ac5c8272b102306a,4,float64,numpy,cpu,research_v2.1,v2_cp_rank_sweep_11a031c72ee6981c,complete,,artifacts\runs_v2\v2_cp_rank_sweep_11a031c72ee6981c,,,,,,,,,,,0.007808700029272586,8328,0,complete,0,,,,,1,0.8575958415211535,,,,,,,,,
V2_CP_RANK_SWEEP,9661151d8b0b0c90733191ce8d5b1a0b89298d8d8258e239a8e7efd515e19dfb,5db1680e39b114ee8ef34c415f55f453d0163fa111c79627ac5c8272b102306a,5db1680e39b114ee8ef34c415f55f453d0163fa111c79627ac5c8272b102306a,4,float64,numpy,cpu,research_v2.1,v2_cp_rank_sweep_8b11a536f48203fb,complete,,artifacts\runs_v2\v2_cp_rank_sweep_8b11a536f48203fb,,,,,,,,,,,0.020126900053583086,8464,0,complete,0,,,,,2,0.7711380208611235,,,,,,,,,
V2_CP_RANK_SWEEP,c9027993406236498f4d2c31a43cad45c30160cbd6c28291199a1efa8baf9183,5db1680e39b114ee8ef34c415f55f453d0163fa111c79627ac5c8272b102306a,5db1680e39b114ee8ef34c415f55f453d0163fa111c79627ac5c8272b102306a,4,float64,numpy,cpu,research_v2.1,v2_cp_rank_sweep_1143134fd5907ca5,complete,,artifacts\runs_v2\v2_cp_rank_sweep_1143134fd5907ca5,,,,,,,,,,,0.022668200021144003,8568,0,complete,0,,,,,3,0.6930333673144227,,,,,,,,,
V2_SPECTRAL_GAP,5c9056cbcac5bbb7ce88d7a2699c9a076c0ef9d4fe58b1ca25bcd68adcc88914,b0bea2ee90375e9a47a935c9fb96e5f1c069660415d54f9974cc329373e5e0b9,3c72d6c18d0221cb5820a7689575a5e1f71d1dd21cf831d2b39e6616298ee542,0,float64,numpy,cpu,research_v2.1,v2_spectral_gap_360d33271d2edc3b,complete,,artifacts\runs_v2\v2_spectral_gap_360d33271d2edc3b,,,,,,,,,0.039999999999999994,,0.0001572000328451395,4516,0,complete,0,,,,,,,positive_gap,0.5,0.01,0.004999999999999999,0.002215774321657618,True,,,
V2_SPECTRAL_GAP,ad5b85b5ec36b15a6c942dadafba07ee0c7ff1d51c50181d4b1d1714340315fb,b0bea2ee90375e9a47a935c9fb96e5f1c069660415d54f9974cc329373e5e0b9,d089af2b5902225130bf4bba21fcdd969ed5ac761a292b17597c4b2878ebaf02,0,float64,numpy,cpu,research_v2.1,v2_spectral_gap_a1251b239b5d89bb,complete,,artifacts\runs_v2\v2_spectral_gap_a1251b239b5d89bb,,,,,,,,,0.4,,0.0002704999642446637,4452,0,complete,0,,,,,,,positive_gap,0.5,0.1,0.05,0.018311573654529675,True,,,
V2_SPECTRAL_GAP,d36c619ca9d53f3810d816f159a604cda78721a9150437644596b8ed3e0373b0,b0bea2ee90375e9a47a935c9fb96e5f1c069660415d54f9974cc329373e5e0b9,1dcadcc25d560604d0478a6a71d43651abb02121d48f95cb2d86e5a9b2bbdc15,0,float64,numpy,cpu,research_v2.1,v2_spectral_gap_e644cac2846ca160,complete,,artifacts\runs_v2\v2_spectral_gap_e644cac2846ca160,,,,,,,,,1.0,,0.00022499996703118086,4452,0,complete,0,,,,,,,positive_gap,0.5,0.4,0.2,0.12100490329409473,True,,,
V2_SPECTRAL_GAP,689ac8f58633be4bc3bfbd0b0f8a488eb275ea817c1d1ddd6221f95a94cd7caf,2f681477f24ca54be237b739dd05b10603ad1f8e1565186cdad57234ddbb0efd,84acff4c86ec23d9e648c0d15a417e4b30eb5f016beeeb7dac6d78e58957049e,0,float64,numpy,cpu,research_v2.1,v2_spectral_gap_a08745cbbc7f63f6,complete,,artifacts\runs_v2\v2_spectral_gap_a08745cbbc7f63f6,,,,,,,,,0.04,,0.00013370002852752805,4452,0,complete,0,,,,,,,positive_gap,0.2,0.01,0.002,0.0021973658258751345,True,,,
V2_SPECTRAL_GAP,d8c344dc04126bc1efc6405b80d7e95a073bd7ce3a17da061387a42b3bab41a0,2f681477f24ca54be237b739dd05b10603ad1f8e1565186cdad57234ddbb0efd,5783dcb4e0a44500c86941c75ccfdf416cf9420e957777e60770afcc423d18bf,0,float64,numpy,cpu,research_v2.1,v2_spectral_gap_b7f54e9951deaa07,complete,,artifacts\runs_v2\v2_spectral_gap_b7f54e9951deaa07,,,,,,,,,0.40000000000000013,,0.00021109997760504484,4452,0,complete,0,,,,,,,positive_gap,0.2,0.1,0.020000000000000007,0.01745354167660489,True,,,
V2_SPECTRAL_GAP,59a51adc08e58823f8171fc580ad610b847f275aed74366fce932a68d6dcb018,2f681477f24ca54be237b739dd05b10603ad1f8e1565186cdad57234ddbb0efd,e4b830d34553a2a1853ba04a43068f7db83f15ca1bfe9f9997f5cdec743a1dd7,0,float64,numpy,cpu,research_v2.1,v2_spectral_gap_3eb0998a2e051765,complete,,artifacts\runs_v2\v2_spectral_gap_3eb0998a2e051765,,,,,,,,,1.0,,0.0002025999710895121,4452,0,complete,0,,,,,,,positive_gap,0.2,0.4,0.08000000000000002,0.08137895533708359,True,,,
V2_SPECTRAL_GAP,d5a96afb614f5f53b51d12594d851dd9fe5464e44fb49660e70f909e9866bcc8,26d0198c2cafc79f86012481ab0fd40f3dcb09eefbfede70c385db40314d2f83,c2e8303cb63844370f197db671182aff4909ce068af0625c33305d25a3f8e35c,0,float64,numpy,cpu,research_v2.1,v2_spectral_gap_cfb38039e5be5d2c,complete,,artifacts\runs_v2\v2_spectral_gap_cfb38039e5be5d2c,,,,,,,,,0.04000000000000001,,0.00014349998673424125,4452,0,complete,0,,,,,,,positive_gap,0.1,0.01,0.0010000000000000002,0.0018992105796330884,True,,,
V2_SPECTRAL_GAP,086f2b39ee533eefde5a23eac40f598b1f58dcb27444e93233af7baeed3146bc,26d0198c2cafc79f86012481ab0fd40f3dcb09eefbfede70c385db40314d2f83,5fcb07871b77b7becce57e425ca4ec47a16ab16dc7419ae031ad74b2941068a6,0,float64,numpy,cpu,research_v2.1,v2_spectral_gap_faba4b42b0405b1e,complete,,artifacts\runs_v2\v2_spectral_gap_faba4b42b0405b1e,,,,,,,,,0.39999999999999997,,0.000228599994443357,4452,0,complete,0,,,,,,,positive_gap,0.1,0.1,0.01,0.010379817076167197,True,,,
V2_SPECTRAL_GAP,637b95f7d4c28e3226c6b935cdaf3ed66c739cefd5e9f69e967e3cd7c55ae6bb,26d0198c2cafc79f86012481ab0fd40f3dcb09eefbfede70c385db40314d2f83,e389a9a40867d48589a9ba716836ce016e5a572c2d31f4632b5da4f79867fe1b,0,float64,numpy,cpu,research_v2.1,v2_spectral_gap_cb43396c0e9e2d85,complete,,artifacts\runs_v2\v2_spectral_gap_cb43396c0e9e2d85,,,,,,,,,1.0,,0.00023529998725280166,4452,0,complete,0,,,,,,,positive_gap,0.1,0.4,0.04,0.03968678539911104,True,,,
V2_SPECTRAL_GAP,3d53830bb836dfbcded9e4f355dd823f939a1f321861a91667f4c7b01fb5c644,5c1bbbd99e20f5b4f4c5615377a34141ba4b22fdae1fce311dee2a47a94d022c,5895a8f5fc9db0750b3f92f5601cb316bea471de4bec18563fabefdabf58f74c,0,float64,numpy,cpu,research_v2.1,v2_spectral_gap_4371c98a393d8176,complete,,artifacts\runs_v2\v2_spectral_gap_4371c98a393d8176,,,,,,,,,0.04,,0.00013129995204508305,4452,0,complete,0,,,,,,,positive_gap,0.05,0.01,0.0005,0.0011056794451804056,True,,,
V2_SPECTRAL_GAP,4f59ab3fb4df126038f667bba0ef8d60668e6c34ed216b094e7f10097a9545a7,5c1bbbd99e20f5b4f4c5615377a34141ba4b22fdae1fce311dee2a47a94d022c,054d06080ca435fc4152bf05da66ad4387527729f413db1285760aec899703b4,0,float64,numpy,cpu,research_v2.1,v2_spectral_gap_395a74a21c917ba9,complete,,artifacts\runs_v2\v2_spectral_gap_395a74a21c917ba9,,,,,,,,,0.4000000000000001,,0.00019539997447282076,4452,0,complete,0,,,,,,,positive_gap,0.05,0.1,0.005000000000000001,0.017154667218634907,True,,,
V2_SPECTRAL_GAP,97a0284912ca0394b0501c687ca329701c4c710bca61d90a38d5b2a5adabb88f,5c1bbbd99e20f5b4f4c5615377a34141ba4b22fdae1fce311dee2a47a94d022c,c2016957206a55e32439101a84c26f4023b05ef11bb2f320b683b55382940071,0,float64,numpy,cpu,research_v2.1,v2_spectral_gap_c0dd3c60b466cbd9,complete,,artifacts\runs_v2\v2_spectral_gap_c0dd3c60b466cbd9,,,,,,,,,1.0,,0.00020190002396702766,4452,0,complete,0,,,,,,,positive_gap,0.05,0.4,0.020000000000000007,0.0548366575173441,True,,,
V2_SPECTRAL_GAP,ff46eac223ecf67707083b7b91041cb67fbbc505ca43f0a2cacdc4634487717b,9dfdd2bd91949b64108270081222aab30eb4ba58d5b4db72710d39ce8a803075,810bb0d790c2a757e16982fbf294632d05c9a747f3091cff14b527e603f043d2,0,float64,numpy,cpu,research_v2.1,v2_spectral_gap_572175dc758b5d04,complete,,artifacts\runs_v2\v2_spectral_gap_572175dc758b5d04,,,,,,,,,,,0.0,0,0,rank_flip_control,0,,,,,,,no_gap,1e-08,1.0,2e-08,1.0,,,,
V2_SPECTRAL_GAP,5c9056cbcac5bbb7ce88d7a2699c9a076c0ef9d4fe58b1ca25bcd68adcc88914,b0bea2ee90375e9a47a935c9fb96e5f1c069660415d54f9974cc329373e5e0b9,668e5eeb0ea59ff595bec7b0751ec6324b99cf8464edadccb76b48f71eef71af,1,float64,numpy,cpu,research_v2.1,v2_spectral_gap_969a402b3136abaa,complete,,artifacts\runs_v2\v2_spectral_gap_969a402b3136abaa,,,,,,,,,0.04,,0.00014180003199726343,4452,0,complete,0,,,,,,,positive_gap,0.5,0.01,0.005,0.0039940795160243875,True,,,
V2_SPECTRAL_GAP,ad5b85b5ec36b15a6c942dadafba07ee0c7ff1d51c50181d4b1d1714340315fb,b0bea2ee90375e9a47a935c9fb96e5f1c069660415d54f9974cc329373e5e0b9,28b9b8d717927cdd1decc52abbfde6a177aba85337876edaaba27d1e741c7385,1,float64,numpy,cpu,research_v2.1,v2_spectral_gap_7c2028a75386bdd4,complete,,artifacts\runs_v2\v2_spectral_gap_7c2028a75386bdd4,,,,,,,,,0.3999999999999999,,0.0001776000135578215,4452,0,complete,0,,,,,,,positive_gap,0.5,0.1,0.04999999999999999,0.04449011717157704,True,,,
V2_SPECTRAL_GAP,d36c619ca9d53f3810d816f159a604cda78721a9150437644596b8ed3e0373b0,b0bea2ee90375e9a47a935c9fb96e5f1c069660415d54f9974cc329373e5e0b9,cbbc917a69a2427cbe0dc39632c0e76ee6c71b42be99d2ba1e61a122ca1efcaa,1,float64,numpy,cpu,research_v2.1,v2_spectral_gap_7564e4bb372881ff,complete,,artifacts\runs_v2\v2_spectral_gap_7564e4bb372881ff,,,,,,,,,1.0,,0.0001829999964684248,4452,0,complete,0,,,,,,,positive_gap,0.5,0.4,0.19999999999999996,0.1689707895505192,True,,,
V2_SPECTRAL_GAP,689ac8f58633be4bc3bfbd0b0f8a488eb275ea817c1d1ddd6221f95a94cd7caf,2f681477f24ca54be237b739dd05b10603ad1f8e1565186cdad57234ddbb0efd,d67ec6c4006103dbf0c9f15c56fac68582fdd4b3bdeaacb4b3f6ef624175634e,1,float64,numpy,cpu,research_v2.1,v2_spectral_gap_2ddb0321dd356adb,complete,,artifacts\runs_v2\v2_spectral_gap_2ddb0321dd356adb,,,,,,,,,0.04,,0.00012169999536126852,4452,0,complete,0,,,,,,,positive_gap,0.2,0.01,0.002,0.0016267661069295195,True,,,
V2_SPECTRAL_GAP,d8c344dc04126bc1efc6405b80d7e95a073bd7ce3a17da061387a42b3bab41a0,2f681477f24ca54be237b739dd05b10603ad1f8e1565186cdad57234ddbb0efd,12cbcf56ca15483ec1928bc54fa3e5dd66e98bb65cdd6a1d76a8141810f549e7,1,float64,numpy,cpu,research_v2.1,v2_spectral_gap_6069f8d43a672c89,complete,,artifacts\runs_v2\v2_spectral_gap_6069f8d43a672c89,,,,,,,,,0.4000000000000001,,0.00017369998386129737,4452,0,complete,0,,,,,,,positive_gap,0.2,0.1,0.020000000000000004,0.026809427686040038,True,,,
V2_SPECTRAL_GAP,59a51adc08e58823f8171fc580ad610b847f275aed74366fce932a68d6dcb018,2f681477f24ca54be237b739dd05b10603ad1f8e1565186cdad57234ddbb0efd,1b8a6f1e588e92455ab45837e867855be3748c27815237b280dd9c36c23c807f,1,float64,numpy,cpu,research_v2.1,v2_spectral_gap_ee5bebebb2ae00ac,complete,,artifacts\runs_v2\v2_spectral_gap_ee5bebebb2ae00ac,,,,,,,,,1.0,,0.00017180002760142088,4452,0,complete,0,,,,,,,positive_gap,0.2,0.4,0.08,0.1353587131060991,True,,,
V2_SPECTRAL_GAP,d5a96afb614f5f53b51d12594d851dd9fe5464e44fb49660e70f909e9866bcc8,26d0198c2cafc79f86012481ab0fd40f3dcb09eefbfede70c385db40314d2f83,53466d17fbeb8a55a38301f9f451e0895ed523b80ae154c44967d6ffcc21ac32,1,float64,numpy,cpu,research_v2.1,v2_spectral_gap_599cb5a001e65481,complete,,artifacts\runs_v2\v2_spectral_gap_599cb5a001e65481,,,,,,,,,0.04,,0.00019510003039613366,4452,0,complete,0,,,,,,,positive_gap,0.1,0.01,0.001,0.0009692330734379933,True,,,
V2_SPECTRAL_GAP,086f2b39ee533eefde5a23eac40f598b1f58dcb27444e93233af7baeed3146bc,26d0198c2cafc79f86012481ab0fd40f3dcb09eefbfede70c385db40314d2f83,1c08e14f3456d3240f73bd0a1e3c9aa6536614b5a11457486869229298dcd749,1,float64,numpy,cpu,research_v2.1,v2_spectral_gap_8cdbf2d802ddb2c7,complete,,artifacts\runs_v2\v2_spectral_gap_8cdbf2d802ddb2c7,,,,,,,,,0.40000000000000013,,0.00018769997404888272,4452,0,complete,0,,,,,,,positive_gap,0.1,0.1,0.010000000000000004,0.01661597820059218,True,,,
V2_SPECTRAL_GAP,637b95f7d4c28e3226c6b935cdaf3ed66c739cefd5e9f69e967e3cd7c55ae6bb,26d0198c2cafc79f86012481ab0fd40f3dcb09eefbfede70c385db40314d2f83,63e3035d731c540cd00bd8c863f4fcc6991e6d8e70fd07d08b0aa60a9995e246,1,float64,numpy,cpu,research_v2.1,v2_spectral_gap_d9270852ba8a077a,complete,,artifacts\runs_v2\v2_spectral_gap_d9270852ba8a077a,,,,,,,,,1.0,,0.0001946999691426754,4452,0,complete,0,,,,,,,positive_gap,0.1,0.4,0.04000000000000001,0.0447003939210213,True,,,
V2_SPECTRAL_GAP,3d53830bb836dfbcded9e4f355dd823f939a1f321861a91667f4c7b01fb5c644,5c1bbbd99e20f5b4f4c5615377a34141ba4b22fdae1fce311dee2a47a94d022c,bf9194e07026f2c91b91375ae8861071e8ba3ed62d9d01d574f1e41ed295b551,1,float64,numpy,cpu,research_v2.1,v2_spectral_gap_a5f5f04494de11b4,complete,,artifacts\runs_v2\v2_spectral_gap_a5f5f04494de11b4,,,,,,,,,0.04,,0.00011889997404068708,4452,0,complete,0,,,,,,,positive_gap,0.05,0.01,0.0005,0.0007476961011368258,True,,,
V2_SPECTRAL_GAP,4f59ab3fb4df126038f667bba0ef8d60668e6c34ed216b094e7f10097a9545a7,5c1bbbd99e20f5b4f4c5615377a34141ba4b22fdae1fce311dee2a47a94d022c,556877c598eb57afda04c333f430f718ddd21391a9a09d4610bd591cebf2b251,1,float64,numpy,cpu,research_v2.1,v2_spectral_gap_fcb74da8dcd7a6f4,complete,,artifacts\runs_v2\v2_spectral_gap_fcb74da8dcd7a6f4,,,,,,,,,0.39999999999999997,,0.00017919996753335,4452,0,complete,0,,,,,,,positive_gap,0.05,0.1,0.005,0.015022668643118638,True,,,
V2_SPECTRAL_GAP,97a0284912ca0394b0501c687ca329701c4c710bca61d90a38d5b2a5adabb88f,5c1bbbd99e20f5b4f4c5615377a34141ba4b22fdae1fce311dee2a47a94d022c,bdf9ab39ed9368005d5d0a8411f6e3bdba816e49133f67a3820d36bdd13489ee,1,float64,numpy,cpu,research_v2.1,v2_spectral_gap_d244802cea7abd46,complete,,artifacts\runs_v2\v2_spectral_gap_d244802cea7abd46,,,,,,,,,1.0,,0.0002332000294700265,4452,0,complete,0,,,,,,,positive_gap,0.05,0.4,0.02,0.060896360102577984,True,,,
V2_SPECTRAL_GAP,ff46eac223ecf67707083b7b91041cb67fbbc505ca43f0a2cacdc4634487717b,f6fa22dbad174266a002e87b8d8a4067a34089cb189048bcc826c4132e532cb5,b3234c66c21fc9888914023972bb2290ed8fbfa079912dbfe7b165ebccffb07c,1,float64,numpy,cpu,research_v2.1,v2_spectral_gap_083211be9f0f9676,complete,,artifacts\runs_v2\v2_spectral_gap_083211be9f0f9676,,,,,,,,,,,0.0,0,0,rank_flip_control,0,,,,,,,no_gap,1e-09,1.0,2e-09,1.0,,,,
V2_SPECTRAL_GAP,5c9056cbcac5bbb7ce88d7a2699c9a076c0ef9d4fe58b1ca25bcd68adcc88914,b0bea2ee90375e9a47a935c9fb96e5f1c069660415d54f9974cc329373e5e0b9,2109a756a48082df1a0849166e030ee9c199dcde6136a8a37b9d41270eff6216,2,float64,numpy,cpu,research_v2.1,v2_spectral_gap_3030a5202178250b,complete,,artifacts\runs_v2\v2_spectral_gap_3030a5202178250b,,,,,,,,,0.04000000000000001,,0.00011880003148689866,4452,0,complete,0,,,,,,,positive_gap,0.5,0.01,0.005000000000000001,0.002960473151463367,True,,,
V2_SPECTRAL_GAP,ad5b85b5ec36b15a6c942dadafba07ee0c7ff1d51c50181d4b1d1714340315fb,b0bea2ee90375e9a47a935c9fb96e5f1c069660415d54f9974cc329373e5e0b9,c69527ddc67978890ad048ea28778e2f4d847d99121809991063545847e55487,2,float64,numpy,cpu,research_v2.1,v2_spectral_gap_64a804939ab24b26,complete,,artifacts\runs_v2\v2_spectral_gap_64a804939ab24b26,,,,,,,,,0.4,,0.00017329998081550002,4452,0,complete,0,,,,,,,positive_gap,0.5,0.1,0.05,0.044136383092744744,True,,,
V2_SPECTRAL_GAP,d36c619ca9d53f3810d816f159a604cda78721a9150437644596b8ed3e0373b0,b0bea2ee90375e9a47a935c9fb96e5f1c069660415d54f9974cc329373e5e0b9,5f3917c6e9c88f54996792bd5c4bb44334a2120001eae399eb31bbeeac6e829d,2,float64,numpy,cpu,research_v2.1,v2_spectral_gap_8ae08d93f29ec239,complete,,artifacts\runs_v2\v2_spectral_gap_8ae08d93f29ec239,,,,,,,,,1.0,,0.00016709999181330204,4452,0,complete,0,,,,,,,positive_gap,0.5,0.4,0.2,0.1255392112427183,True,,,
V2_SPECTRAL_GAP,689ac8f58633be4bc3bfbd0b0f8a488eb275ea817c1d1ddd6221f95a94cd7caf,2f681477f24ca54be237b739dd05b10603ad1f8e1565186cdad57234ddbb0efd,c93bceb7203bb6f7d81fc3333f25d50beac66dadfb82146e6763518b71996514,2,float64,numpy,cpu,research_v2.1,v2_spectral_gap_3fc07c391a2d4250,complete,,artifacts\runs_v2\v2_spectral_gap_3fc07c391a2d4250,,,,,,,,,0.03999999999999999,,0.00011710001854225993,4452,0,complete,0,,,,,,,positive_gap,0.2,0.01,0.0019999999999999996,0.0019510476597922057,True,,,
V2_SPECTRAL_GAP,d8c344dc04126bc1efc6405b80d7e95a073bd7ce3a17da061387a42b3bab41a0,2f681477f24ca54be237b739dd05b10603ad1f8e1565186cdad57234ddbb0efd,54b269172c2b763f02e422788cdcbe0a6fb115dde9c66e9c4d024bcb8c8a30d8,2,float64,numpy,cpu,research_v2.1,v2_spectral_gap_2eaa38deed763c42,complete,,artifacts\runs_v2\v2_spectral_gap_2eaa38deed763c42,,,,,,,,,0.39999999999999997,,0.00017470004968345165,4452,0,complete,0,,,,,,,positive_gap,0.2,0.1,0.02,0.02045611798978354,True,,,
V2_SPECTRAL_GAP,59a51adc08e58823f8171fc580ad610b847f275aed74366fce932a68d6dcb018,2f681477f24ca54be237b739dd05b10603ad1f8e1565186cdad57234ddbb0efd,ff41ef81cf23962ab9953c3c00fb6f37f1426f901afa1728fcf487e3b5e49481,2,float64,numpy,cpu,research_v2.1,v2_spectral_gap_6b8dc71f2765bbbe,complete,,artifacts\runs_v2\v2_spectral_gap_6b8dc71f2765bbbe,,,,,,,,,1.0,,0.00017219997243955731,4452,0,complete,0,,,,,,,positive_gap,0.2,0.4,0.07999999999999996,0.07196396100275232,True,,,
V2_SPECTRAL_GAP,d5a96afb614f5f53b51d12594d851dd9fe5464e44fb49660e70f909e9866bcc8,26d0198c2cafc79f86012481ab0fd40f3dcb09eefbfede70c385db40314d2f83,bdb59b09f2e558b0438bd3c7cd685f49e172377db5bcc49c900c6c04f329df2d,2,float64,numpy,cpu,research_v2.1,v2_spectral_gap_e3491750046b3dcf,complete,,artifacts\runs_v2\v2_spectral_gap_e3491750046b3dcf,,,,,,,,,0.03999999999999998,,0.00011870003072544932,4452,0,complete,0,,,,,,,positive_gap,0.1,0.01,0.0009999999999999996,0.0025985189152218998,True,,,
V2_SPECTRAL_GAP,086f2b39ee533eefde5a23eac40f598b1f58dcb27444e93233af7baeed3146bc,26d0198c2cafc79f86012481ab0fd40f3dcb09eefbfede70c385db40314d2f83,0b4b1cf765a82801354834c1496bd49b57427c1337dc76b365cc819bfd44e3b5,2,float64,numpy,cpu,research_v2.1,v2_spectral_gap_f2967f4f88f067df,complete,,artifacts\runs_v2\v2_spectral_gap_f2967f4f88f067df,,,,,,,,,0.3999999999999999,,0.00017499999376013875,4452,0,complete,0,,,,,,,positive_gap,0.1,0.1,0.009999999999999998,0.02152914172108574,True,,,
V2_SPECTRAL_GAP,637b95f7d4c28e3226c6b935cdaf3ed66c739cefd5e9f69e967e3cd7c55ae6bb,26d0198c2cafc79f86012481ab0fd40f3dcb09eefbfede70c385db40314d2f83,ab98d342d977536e70176c826d3f374c9ddd35dc5c559d7d788acb56d4710baf,2,float64,numpy,cpu,research_v2.1,v2_spectral_gap_59d591e87c4b37e1,complete,,artifacts\runs_v2\v2_spectral_gap_59d591e87c4b37e1,,,,,,,,,1.0,,0.0002823999966494739,4452,0,complete,0,,,,,,,positive_gap,0.1,0.4,0.04000000000000002,0.058622271670298085,True,,,
V2_SPECTRAL_GAP,3d53830bb836dfbcded9e4f355dd823f939a1f321861a91667f4c7b01fb5c644,5c1bbbd99e20f5b4f4c5615377a34141ba4b22fdae1fce311dee2a47a94d022c,14fa3a42bc1ac516253cdec100ad79d9ba06522f089ab2907c5d95b9d16775c1,2,float64,numpy,cpu,research_v2.1,v2_spectral_gap_c9d214252b2ae156,complete,,artifacts\runs_v2\v2_spectral_gap_c9d214252b2ae156,,,,,,,,,0.04,,0.00012309994781389832,4452,0,complete,0,,,,,,,positive_gap,0.05,0.01,0.0005,0.0020185933109561657,True,,,
V2_SPECTRAL_GAP,4f59ab3fb4df126038f667bba0ef8d60668e6c34ed216b094e7f10097a9545a7,5c1bbbd99e20f5b4f4c5615377a34141ba4b22fdae1fce311dee2a47a94d022c,c8c541f7fb46a83b4b8d1b8b4b60d9946f5f78b5d50dbe9ba4b4da76d97b175f,2,float64,numpy,cpu,research_v2.1,v2_spectral_gap_a5e711397cbcf069,complete,,artifacts\runs_v2\v2_spectral_gap_a5e711397cbcf069,,,,,,,,,0.4000000000000002,,0.00017010001465678215,4452,0,complete,0,,,,,,,positive_gap,0.05,0.1,0.005000000000000003,0.017461897229881933,True,,,
V2_SPECTRAL_GAP,97a0284912ca0394b0501c687ca329701c4c710bca61d90a38d5b2a5adabb88f,5c1bbbd99e20f5b4f4c5615377a34141ba4b22fdae1fce311dee2a47a94d022c,b911513ec71977763f2bbe6316a105dd932d3dc8f3bceea454b0e5b2b4f29e85,2,float64,numpy,cpu,research_v2.1,v2_spectral_gap_5089eae04fdc5e5e,complete,,artifacts\runs_v2\v2_spectral_gap_5089eae04fdc5e5e,,,,,,,,,1.0,,0.00016870000399649143,4452,0,complete,0,,,,,,,positive_gap,0.05,0.4,0.020000000000000004,0.00801799992081174,True,,,
V2_SPECTRAL_GAP,ff46eac223ecf67707083b7b91041cb67fbbc505ca43f0a2cacdc4634487717b,71ccc8d141987fffac90e553e6a4bf58bd9845bd1be25c5d22c240a85e475b33,70759d8f0fb32ad10c6788a83a79b78cc1353b2b3b410b7c3047dd6f1331e3d2,2,float64,numpy,cpu,research_v2.1,v2_spectral_gap_4160a1f6e61356bb,complete,,artifacts\runs_v2\v2_spectral_gap_4160a1f6e61356bb,,,,,,,,,,,0.0,0,0,rank_flip_control,0,,,,,,,no_gap,1e-10,1.0,2e-10,1.0,,,,
V2_SPECTRAL_GAP,5c9056cbcac5bbb7ce88d7a2699c9a076c0ef9d4fe58b1ca25bcd68adcc88914,b0bea2ee90375e9a47a935c9fb96e5f1c069660415d54f9974cc329373e5e0b9,9a895dee696a5d7913e446d17180d22117379345603037f3cc84dc29176d65a6,3,float64,numpy,cpu,research_v2.1,v2_spectral_gap_de503ea5cbb7f9a1,complete,,artifacts\runs_v2\v2_spectral_gap_de503ea5cbb7f9a1,,,,,,,,,0.04000000000000001,,0.000123599951621145,4452,0,complete,0,,,,,,,positive_gap,0.5,0.01,0.005000000000000001,0.0025505036902240476,True,,,
V2_SPECTRAL_GAP,ad5b85b5ec36b15a6c942dadafba07ee0c7ff1d51c50181d4b1d1714340315fb,b0bea2ee90375e9a47a935c9fb96e5f1c069660415d54f9974cc329373e5e0b9,6c74f2485ee8c0eb603dfd62e093c4ac0e569618c9b6afd667a272bee6a15291,3,float64,numpy,cpu,research_v2.1,v2_spectral_gap_d2def1633f9f9627,complete,,artifacts\runs_v2\v2_spectral_gap_d2def1633f9f9627,,,,,,,,,0.4,,0.00017359998309984803,4452,0,complete,0,,,,,,,positive_gap,0.5,0.1,0.05,0.024791644912782046,True,,,
V2_SPECTRAL_GAP,d36c619ca9d53f3810d816f159a604cda78721a9150437644596b8ed3e0373b0,b0bea2ee90375e9a47a935c9fb96e5f1c069660415d54f9974cc329373e5e0b9,62b4d2ccaa1b74291e019c31d7394e20ac0a83719c4eed1e11a4bee2a3df88df,3,float64,numpy,cpu,research_v2.1,v2_spectral_gap_1d08540f5bc761b5,complete,,artifacts\runs_v2\v2_spectral_gap_1d08540f5bc761b5,,,,,,,,,1.0,,0.00016930000856518745,4452,0,complete,0,,,,,,,positive_gap,0.5,0.4,0.19999999999999993,0.10112427288378689,True,,,
V2_SPECTRAL_GAP,689ac8f58633be4bc3bfbd0b0f8a488eb275ea817c1d1ddd6221f95a94cd7caf,2f681477f24ca54be237b739dd05b10603ad1f8e1565186cdad57234ddbb0efd,2d4b766953381f2e6e7327cc21ea8f9d9d4029c6e4e87ea0fe45297ae327d15c,3,float64,numpy,cpu,research_v2.1,v2_spectral_gap_faf0596e73321594,complete,,artifacts\runs_v2\v2_spectral_gap_faf0596e73321594,,,,,,,,,0.03999999999999998,,0.00012919999426230788,4452,0,complete,0,,,,,,,positive_gap,0.2,0.01,0.001999999999999999,0.0007134400905979875,True,,,
V2_SPECTRAL_GAP,d8c344dc04126bc1efc6405b80d7e95a073bd7ce3a17da061387a42b3bab41a0,2f681477f24ca54be237b739dd05b10603ad1f8e1565186cdad57234ddbb0efd,d99a8aa36869db0a60f27907d3b0624389e0d63a7f7577b29e00ab76f5140c1e,3,float64,numpy,cpu,research_v2.1,v2_spectral_gap_0ce2b88dbd56f393,complete,,artifacts\runs_v2\v2_spectral_gap_0ce2b88dbd56f393,,,,,,,,,0.40000000000000013,,0.00017640000442042947,4452,0,complete,0,,,,,,,positive_gap,0.2,0.1,0.020000000000000007,0.019454374440972855,True,,,
V2_SPECTRAL_GAP,59a51adc08e58823f8171fc580ad610b847f275aed74366fce932a68d6dcb018,2f681477f24ca54be237b739dd05b10603ad1f8e1565186cdad57234ddbb0efd,43177b925a25fdf9d82ffa56234155b90d0f8d041ea4195db592387a69870eea,3,float64,numpy,cpu,research_v2.1,v2_spectral_gap_46121a5a5bb581e9,complete,,artifacts\runs_v2\v2_spectral_gap_46121a5a5bb581e9,,,,,,,,,1.0,,0.0002148000057786703,4452,0,complete,0,,,,,,,positive_gap,0.2,0.4,0.08,0.06629921951527155,True,,,
V2_SPECTRAL_GAP,d5a96afb614f5f53b51d12594d851dd9fe5464e44fb49660e70f909e9866bcc8,26d0198c2cafc79f86012481ab0fd40f3dcb09eefbfede70c385db40314d2f83,1dc1f1c8d698458ea2769896baca1f611b0668883dda8cb700cadbbd28798b63,3,float64,numpy,cpu,research_v2.1,v2_spectral_gap_2ecdc3c024d8b9e5,complete,,artifacts\runs_v2\v2_spectral_gap_2ecdc3c024d8b9e5,,,,,,,,,0.04000000000000001,,0.0001349000376649201,4452,0,complete,0,,,,,,,positive_gap,0.1,0.01,0.0010000000000000002,0.002328437086788615,True,,,
V2_SPECTRAL_GAP,086f2b39ee533eefde5a23eac40f598b1f58dcb27444e93233af7baeed3146bc,26d0198c2cafc79f86012481ab0fd40f3dcb09eefbfede70c385db40314d2f83,5b155fb8bbb4878c43f280dd32845012fd960c0a461deaa164f77536952bee18,3,float64,numpy,cpu,research_v2.1,v2_spectral_gap_c2f5f899b0e86ded,complete,,artifacts\runs_v2\v2_spectral_gap_c2f5f899b0e86ded,,,,,,,,,0.3999999999999999,,0.00021820003166794777,4452,0,complete,0,,,,,,,positive_gap,0.1,0.1,0.009999999999999998,0.018725560909647845,True,,,
V2_SPECTRAL_GAP,637b95f7d4c28e3226c6b935cdaf3ed66c739cefd5e9f69e967e3cd7c55ae6bb,26d0198c2cafc79f86012481ab0fd40f3dcb09eefbfede70c385db40314d2f83,a1cfb8456e8909124ac0723f8a6e4df0d29b13423d6ebc851d36430b133ac975,3,float64,numpy,cpu,research_v2.1,v2_spectral_gap_a2d5ed96a8d9a9a5,complete,,artifacts\runs_v2\v2_spectral_gap_a2d5ed96a8d9a9a5,,,,,,,,,1.0,,0.0001870999694801867,4452,0,complete,0,,,,,,,positive_gap,0.1,0.4,0.04000000000000001,0.02292363636465289,True,,,
V2_SPECTRAL_GAP,3d53830bb836dfbcded9e4f355dd823f939a1f321861a91667f4c7b01fb5c644,5c1bbbd99e20f5b4f4c5615377a34141ba4b22fdae1fce311dee2a47a94d022c,b3c956d99750464296911e61799aae4df8012c9fe03bbd06bd0a445447c90d95,3,float64,numpy,cpu,research_v2.1,v2_spectral_gap_cedcf7641910ae56,complete,,artifacts\runs_v2\v2_spectral_gap_cedcf7641910ae56,,,,,,,,,0.04,,0.00012939999578520656,4452,0,complete,0,,,,,,,positive_gap,0.05,0.01,0.0005,0.0022789564268299554,True,,,
V2_SPECTRAL_GAP,4f59ab3fb4df126038f667bba0ef8d60668e6c34ed216b094e7f10097a9545a7,5c1bbbd99e20f5b4f4c5615377a34141ba4b22fdae1fce311dee2a47a94d022c,645bae4336192306dc0d1a29123bf7d260bd13fea9fb667f92ccf87803c4913b,3,float64,numpy,cpu,research_v2.1,v2_spectral_gap_4b130fac3a52bcb7,complete,,artifacts\runs_v2\v2_spectral_gap_4b130fac3a52bcb7,,,,,,,,,0.4000000000000002,,0.00017559999832883477,4452,0,complete,0,,,,,,,positive_gap,0.05,0.1,0.005000000000000003,0.02845046190773184,True,,,
V2_SPECTRAL_GAP,97a0284912ca0394b0501c687ca329701c4c710bca61d90a38d5b2a5adabb88f,5c1bbbd99e20f5b4f4c5615377a34141ba4b22fdae1fce311dee2a47a94d022c,07fda1e7ca26c92202838f2c0d36d003de3a8dc624e56369acc3ce4938972f80,3,float64,numpy,cpu,research_v2.1,v2_spectral_gap_6745aae21d2ce9c3,complete,,artifacts\runs_v2\v2_spectral_gap_6745aae21d2ce9c3,,,,,,,,,1.0,,0.0002031000331044197,4452,0,complete,0,,,,,,,positive_gap,0.05,0.4,0.020000000000000004,0.014777273770815252,True,,,
V2_SPECTRAL_GAP,ff46eac223ecf67707083b7b91041cb67fbbc505ca43f0a2cacdc4634487717b,f07c70508d7f118a382b40dc55677de64fb8f2d0b0c494f6242c267517a11fea,c1a09fa0a3d8d221469f90a8524b784c8978a78c00f0eaaa44e7f7eb19160860,3,float64,numpy,cpu,research_v2.1,v2_spectral_gap_07b5ed5a233f2bb0,complete,,artifacts\runs_v2\v2_spectral_gap_07b5ed5a233f2bb0,,,,,,,,,,,0.0,0,0,rank_flip_control,0,,,,,,,no_gap,1e-11,1.0,2e-11,1.0,,,,
V2_SPECTRAL_GAP,5c9056cbcac5bbb7ce88d7a2699c9a076c0ef9d4fe58b1ca25bcd68adcc88914,b0bea2ee90375e9a47a935c9fb96e5f1c069660415d54f9974cc329373e5e0b9,a20b5e503958d60d436e157b9e0889b68d19df6bb6104c86b4ac17589b859fac,4,float64,numpy,cpu,research_v2.1,v2_spectral_gap_cf99f363a14c9141,complete,,artifacts\runs_v2\v2_spectral_gap_cf99f363a14c9141,,,,,,,,,0.04,,0.00011989998165518045,4452,0,complete,0,,,,,,,positive_gap,0.5,0.01,0.005,0.004343231543098858,True,,,
V2_SPECTRAL_GAP,ad5b85b5ec36b15a6c942dadafba07ee0c7ff1d51c50181d4b1d1714340315fb,b0bea2ee90375e9a47a935c9fb96e5f1c069660415d54f9974cc329373e5e0b9,108d817d6dd6f44a587fb0b954a9e6c2b4f211940904bb5503956319883e2d05,4,float64,numpy,cpu,research_v2.1,v2_spectral_gap_8860c80118b7468a,complete,,artifacts\runs_v2\v2_spectral_gap_8860c80118b7468a,,,,,,,,,0.40000000000000036,,0.00018309999722987413,4452,0,complete,0,,,,,,,positive_gap,0.5,0.1,0.050000000000000044,0.022296037024754366,True,,,
V2_SPECTRAL_GAP,d36c619ca9d53f3810d816f159a604cda78721a9150437644596b8ed3e0373b0,b0bea2ee90375e9a47a935c9fb96e5f1c069660415d54f9974cc329373e5e0b9,90ed71779362aaf28bf9acf210c7617004a3f82f3d3d97f0add12d8a1384c0b5,4,float64,numpy,cpu,research_v2.1,v2_spectral_gap_9f87ed9bf39894ba,complete,,artifacts\runs_v2\v2_spectral_gap_9f87ed9bf39894ba,,,,,,,,,1.0,,0.0001770000089891255,4452,0,complete,0,,,,,,,positive_gap,0.5,0.4,0.20000000000000004,0.09390105768974161,True,,,
V2_SPECTRAL_GAP,689ac8f58633be4bc3bfbd0b0f8a488eb275ea817c1d1ddd6221f95a94cd7caf,2f681477f24ca54be237b739dd05b10603ad1f8e1565186cdad57234ddbb0efd,983a59ea3956b99fc1db5f47f0a9f74d295758ab4bbcb55f762248318396ca43,4,float64,numpy,cpu,research_v2.1,v2_spectral_gap_161497ef4f1bb7cd,complete,,artifacts\runs_v2\v2_spectral_gap_161497ef4f1bb7cd,,,,,,,,,0.04,,0.00012509996304288507,4452,0,complete,0,,,,,,,positive_gap,0.2,0.01,0.002,0.0009461313196401679,True,,,
V2_SPECTRAL_GAP,d8c344dc04126bc1efc6405b80d7e95a073bd7ce3a17da061387a42b3bab41a0,2f681477f24ca54be237b739dd05b10603ad1f8e1565186cdad57234ddbb0efd,011ec05aef0fb89c588ef12a1d566520df2c722a6b7720660350bed16bc27b44,4,float64,numpy,cpu,research_v2.1,v2_spectral_gap_5523cf8631177cc3,complete,,artifacts\runs_v2\v2_spectral_gap_5523cf8631177cc3,,,,,,,,,0.39999999999999986,,0.00018609996186569333,4452,0,complete,0,,,,,,,positive_gap,0.2,0.1,0.019999999999999993,0.014479081044968352,True,,,
V2_SPECTRAL_GAP,59a51adc08e58823f8171fc580ad610b847f275aed74366fce932a68d6dcb018,2f681477f24ca54be237b739dd05b10603ad1f8e1565186cdad57234ddbb0efd,598dca89d53d0a846bd3e3e0a5133bb1aa6d6d09eed21d725a2bde0f1f2e3faa,4,float64,numpy,cpu,research_v2.1,v2_spectral_gap_04da2fd12201b414,complete,,artifacts\runs_v2\v2_spectral_gap_04da2fd12201b414,,,,,,,,,1.0,,0.00017660000594332814,4452,0,complete,0,,,,,,,positive_gap,0.2,0.4,0.07999999999999997,0.06531490497751666,True,,,
V2_SPECTRAL_GAP,d5a96afb614f5f53b51d12594d851dd9fe5464e44fb49660e70f909e9866bcc8,26d0198c2cafc79f86012481ab0fd40f3dcb09eefbfede70c385db40314d2f83,a18c8fd18cd445b85e2af044d7498fe41e6a54eefb04be74b9b3246e068cb563,4,float64,numpy,cpu,research_v2.1,v2_spectral_gap_fdea41d2481a4de1,complete,,artifacts\runs_v2\v2_spectral_gap_fdea41d2481a4de1,,,,,,,,,0.03999999999999999,,0.0003369000041857362,4452,0,complete,0,,,,,,,positive_gap,0.1,0.01,0.0009999999999999998,0.0022741472100888233,True,,,
V2_SPECTRAL_GAP,086f2b39ee533eefde5a23eac40f598b1f58dcb27444e93233af7baeed3146bc,26d0198c2cafc79f86012481ab0fd40f3dcb09eefbfede70c385db40314d2f83,084a270a67d87df11e6499257475b0c95af6e54672a7e69e4f125e3d8822a4d1,4,float64,numpy,cpu,research_v2.1,v2_spectral_gap_49e8b8f44900b48a,complete,,artifacts\runs_v2\v2_spectral_gap_49e8b8f44900b48a,,,,,,,,,0.4000000000000001,,0.00018009997438639402,4452,0,complete,0,,,,,,,positive_gap,0.1,0.1,0.010000000000000002,0.014958800393251,True,,,
V2_SPECTRAL_GAP,637b95f7d4c28e3226c6b935cdaf3ed66c739cefd5e9f69e967e3cd7c55ae6bb,26d0198c2cafc79f86012481ab0fd40f3dcb09eefbfede70c385db40314d2f83,2134edbe253275dba49d54b87088113f07652337f24426e2a4ebded38feb96b1,4,float64,numpy,cpu,research_v2.1,v2_spectral_gap_8131dd96d9fc20af,complete,,artifacts\runs_v2\v2_spectral_gap_8131dd96d9fc20af,,,,,,,,,1.0,,0.00024009996559470892,4452,0,complete,0,,,,,,,positive_gap,0.1,0.4,0.04,0.06438106063677797,True,,,
V2_SPECTRAL_GAP,3d53830bb836dfbcded9e4f355dd823f939a1f321861a91667f4c7b01fb5c644,5c1bbbd99e20f5b4f4c5615377a34141ba4b22fdae1fce311dee2a47a94d022c,3882987721f9fa87a24d56d5138d168045d1bcc874e2316ab89f4e0708b83fa4,4,float64,numpy,cpu,research_v2.1,v2_spectral_gap_15e8f023b6f8a7c1,complete,,artifacts\runs_v2\v2_spectral_gap_15e8f023b6f8a7c1,,,,,,,,,0.04,,0.00013400003081187606,4452,0,complete,0,,,,,,,positive_gap,0.05,0.01,0.0005,0.0008294228813152998,True,,,
V2_SPECTRAL_GAP,4f59ab3fb4df126038f667bba0ef8d60668e6c34ed216b094e7f10097a9545a7,5c1bbbd99e20f5b4f4c5615377a34141ba4b22fdae1fce311dee2a47a94d022c,e53bedca0542751dbcc7f1945b9a5ac1098423e05b02c610f22062395b609f93,4,float64,numpy,cpu,research_v2.1,v2_spectral_gap_b54596cc36a0c042,complete,,artifacts\runs_v2\v2_spectral_gap_b54596cc36a0c042,,,,,,,,,0.39999999999999997,,0.00018890004139393568,4452,0,complete,0,,,,,,,positive_gap,0.05,0.1,0.005,0.032604087757524707,True,,,
V2_SPECTRAL_GAP,97a0284912ca0394b0501c687ca329701c4c710bca61d90a38d5b2a5adabb88f,5c1bbbd99e20f5b4f4c5615377a34141ba4b22fdae1fce311dee2a47a94d022c,ef0370345abbbb3be9b3232e44e957bbf801943500b296a12eed5c17d0de442a,4,float64,numpy,cpu,research_v2.1,v2_spectral_gap_cd46d6d84d567365,complete,,artifacts\runs_v2\v2_spectral_gap_cd46d6d84d567365,,,,,,,,,1.0,,0.00018640002235770226,4452,0,complete,0,,,,,,,positive_gap,0.05,0.4,0.02,0.026564578556733977,True,,,
V2_SPECTRAL_GAP,ff46eac223ecf67707083b7b91041cb67fbbc505ca43f0a2cacdc4634487717b,7d3545754707f1a8905ad7f051ccaee75a842709ed188c7a65b6b33bde89fdc4,50ff5dc21680ca2429a74637773fd41e7c26367c7770d31f2442935373c3c373,4,float64,numpy,cpu,research_v2.1,v2_spectral_gap_3660b15184974dcb,complete,,artifacts\runs_v2\v2_spectral_gap_3660b15184974dcb,,,,,,,,,,,0.0,0,0,rank_flip_control,0,,,,,,,no_gap,1e-12,1.0,2e-12,1.0,,,,
V2_CPU_GPU_PARITY,bb037ad575fcc9b9e813051f9bc1cacafe96cda257b3f70e70877e1f07eb4dd5,2c33e4864365287c620f63eeac5c6b25f8f2c1ffe5c9c48fe6be7d060b4ed0f0,419f08f5f43857f26cbc79ed9ecfe9d557e1ba444e3e9d37682773ec69176baa,0,float64,numpy,cpu,research_v2.1,v2_cpu_gpu_parity_e96d3a90dc93b09c,complete,,artifacts\runs_v2\v2_cpu_gpu_parity_e96d3a90dc93b09c,,,,,,,,,,,,,33579520,,0,,,,,,,,,,,,,complete,,2.220446049250313e-15
V2_CPU_GPU_PARITY,bb037ad575fcc9b9e813051f9bc1cacafe96cda257b3f70e70877e1f07eb4dd5,c8c631c3bdd2b796394f06f31d83228af8af7c1444b435419a7953c8c9a294d7,b86d72696b6f0acdcd597563e54f1985fe37283aaf730f97be0ed538533ab8c9,1,float64,numpy,cpu,research_v2.1,v2_cpu_gpu_parity_8012d07e2a9ddf47,complete,,artifacts\runs_v2\v2_cpu_gpu_parity_8012d07e2a9ddf47,,,,,,,,,,,,,33579520,,0,,,,,,,,,,,,,complete,,1.4210854715202004e-14
V2_CPU_GPU_PARITY,bb037ad575fcc9b9e813051f9bc1cacafe96cda257b3f70e70877e1f07eb4dd5,151e1021648989f2266c0d3f24d60cad38322b620e73a5807456ff5f0cbb1e72,e2b5450831cfe130ebf190eb901612771b1fdad758bb30168f322ea63276e5f9,2,float64,numpy,cpu,research_v2.1,v2_cpu_gpu_parity_2208acbbb1ff6eae,complete,,artifacts\runs_v2\v2_cpu_gpu_parity_2208acbbb1ff6eae,,,,,,,,,,,,,33579520,,0,,,,,,,,,,,,,complete,,1.7763568394002505e-15
V2_CPU_GPU_PARITY,bb037ad575fcc9b9e813051f9bc1cacafe96cda257b3f70e70877e1f07eb4dd5,337e571d2f29e225004faa7a003c2d259ff59f5d2f763fe76e741b722c33e2c6,872ecefa6b6fc703e4d672387edd7d263773ef89ef2518e7d2c507d7243cf553,3,float64,numpy,cpu,research_v2.1,v2_cpu_gpu_parity_50f4927e6dd2f50f,complete,,artifacts\runs_v2\v2_cpu_gpu_parity_50f4927e6dd2f50f,,,,,,,,,,,,,33579520,,0,,,,,,,,,,,,,complete,,8.881784197001252e-16
V2_CPU_GPU_PARITY,bb037ad575fcc9b9e813051f9bc1cacafe96cda257b3f70e70877e1f07eb4dd5,a788283049e358726cad01bac55d4bfc7c2af53fb6219f6521973aa0b6e5a1b2,d3d628f27602ef5fe980fc25c9d2e6581ad111ef679a2c370d17838bce5b93d9,4,float64,numpy,cpu,research_v2.1,v2_cpu_gpu_parity_b8f7bea5d89ab219,complete,,artifacts\runs_v2\v2_cpu_gpu_parity_b8f7bea5d89ab219,,,,,,,,,,,,,33579520,,0,,,,,,,,,,,,,complete,,7.105427357601002e-15
