execution_id,config_id,seed,stage,commit_sha,configuration_id,dataset_train_sha256,dataset_valid_sha256,dataset_test_sha256,checkpoint_sha256,evaluator_identity,environment_path,out_dir,wall_sec,gpu_peak_mb,status,test_eval_skipped,started_utc
8a125a4bc2374f09,A0,1,ENGINEERING_SMOKE_ONLY,75dfffb1b053cfdb7e5a047b5629f875396f2ba3,161e168958b6d395,8f85976e95288ae8e43e242553a3802a6a9ba558251c754a14124da994e7202c,276e7cf15642803c252aad4091acc31fa1702050984a47e2e46f1a0229c41b5b,43bde03c73f628a5942f0faf6f40381a90a1f2ccb4700f174bab743475613c24,9b9ecb0af57d9935feea5a590e2f23462d4b00d2776c6659a9a9a772dc60e2d2,seion_kgr.evaluate.evaluate (blocked filtered evaluator),campaigns\gate13\gate13_5\runs\smoke\A0\environment.json,campaigns\gate13\gate13_5\runs\smoke\A0,1.9357798099517822,70.241792,COMPLETED,True,2026-08-04T10:22:00Z
a14424397f144bb8,A1,1,ENGINEERING_SMOKE_ONLY,75dfffb1b053cfdb7e5a047b5629f875396f2ba3,d20af0b99209b504,8f85976e95288ae8e43e242553a3802a6a9ba558251c754a14124da994e7202c,276e7cf15642803c252aad4091acc31fa1702050984a47e2e46f1a0229c41b5b,43bde03c73f628a5942f0faf6f40381a90a1f2ccb4700f174bab743475613c24,e66815edbf5a621792f38cac1637900d73db16d372850dec69784c13648ce7de,seion_kgr.evaluate.evaluate (blocked filtered evaluator),campaigns\gate13\gate13_5\runs\smoke\A1\environment.json,campaigns\gate13\gate13_5\runs\smoke\A1,11.419733047485352,68.71296,COMPLETED,True,2026-08-04T10:22:09Z
05d7a794a2c94abc,A2,1,ENGINEERING_SMOKE_ONLY,75dfffb1b053cfdb7e5a047b5629f875396f2ba3,f10f0cdf8ffc4295,8f85976e95288ae8e43e242553a3802a6a9ba558251c754a14124da994e7202c,276e7cf15642803c252aad4091acc31fa1702050984a47e2e46f1a0229c41b5b,43bde03c73f628a5942f0faf6f40381a90a1f2ccb4700f174bab743475613c24,f6b2f941bb0858e424faf3095e8992dcfaec507cfe067feba58cdea1ffdb9b83,seion_kgr.evaluate.evaluate (blocked filtered evaluator),campaigns\gate13\gate13_5\runs\smoke\A2\environment.json,campaigns\gate13\gate13_5\runs\smoke\A2,2.9938881397247314,71.069184,COMPLETED,True,2026-08-04T10:22:27Z
2dc5d1bc1e39463e,A3,1,ENGINEERING_SMOKE_ONLY,75dfffb1b053cfdb7e5a047b5629f875396f2ba3,617f24f4c505909e,8f85976e95288ae8e43e242553a3802a6a9ba558251c754a14124da994e7202c,276e7cf15642803c252aad4091acc31fa1702050984a47e2e46f1a0229c41b5b,43bde03c73f628a5942f0faf6f40381a90a1f2ccb4700f174bab743475613c24,e7fbcab1a62048ed0d4d071fd914370ba40078bffe604b9f7e7b007e0405798b,seion_kgr.evaluate.evaluate (blocked filtered evaluator),campaigns\gate13\gate13_5\runs\smoke\A3\environment.json,campaigns\gate13\gate13_5\runs\smoke\A3,9.980408668518066,68.755968,COMPLETED,True,2026-08-04T10:22:37Z
129d8bccf355436f,A3,1,GATE_G_MAX_SELECTION,f52f898b8e6e9a7bcf637f8b046107c19b511fb3,e70c4a6a2c4753c5,6e4c2782169af21e9743f3b1d200886f5d595bf6bc504ec1351720949c5cdfae,cf6309010852f6a8d47a45df830a426415d1ee6f7a3970a8376ff1fb81db4a5c,5711cf41623ceb4eacc50eb6108a3ca6565c7492e3caaf82a3e355cc660d1574,8be3dd8a146c782a7c9c18ccc936183836946dd8afd93f8f406ee9c901d77c29,seion_kgr.evaluate.evaluate (blocked filtered evaluator),campaigns\gate13\gate13_5\runs\pilot\gate_g_max_selection_A3_g0.25\environment.json,campaigns\gate13\gate13_5\runs\pilot\gate_g_max_selection_A3_g0.25,1128.4986655712128,467.507712,COMPLETED,True,2026-08-04T10:30:44Z
ae05579630d44bbe,A3,1,GATE_G_MAX_SELECTION,f52f898b8e6e9a7bcf637f8b046107c19b511fb3,c4b9cd505385151a,6e4c2782169af21e9743f3b1d200886f5d595bf6bc504ec1351720949c5cdfae,cf6309010852f6a8d47a45df830a426415d1ee6f7a3970a8376ff1fb81db4a5c,5711cf41623ceb4eacc50eb6108a3ca6565c7492e3caaf82a3e355cc660d1574,7f9a983803d284906a491139664a4b95147841df3e4a75cc150fddb99dee8bb2,seion_kgr.evaluate.evaluate (blocked filtered evaluator),campaigns\gate13\gate13_5\runs\pilot\gate_g_max_selection_A3_g0.5\environment.json,campaigns\gate13\gate13_5\runs\pilot\gate_g_max_selection_A3_g0.5,1159.707522392273,467.507712,COMPLETED,True,2026-08-04T10:49:42Z
0ed93fcb7b4f4979,A3,1,GATE_G_MAX_SELECTION,f52f898b8e6e9a7bcf637f8b046107c19b511fb3,33853c777aa5e072,6e4c2782169af21e9743f3b1d200886f5d595bf6bc504ec1351720949c5cdfae,cf6309010852f6a8d47a45df830a426415d1ee6f7a3970a8376ff1fb81db4a5c,5711cf41623ceb4eacc50eb6108a3ca6565c7492e3caaf82a3e355cc660d1574,37621e86e8ae7f923d4ac4d8a0c66ac2b2bc05097c3285649836ce9eb9447029,seion_kgr.evaluate.evaluate (blocked filtered evaluator),campaigns\gate13\gate13_5\runs\pilot\gate_g_max_selection_A3_g1.0\environment.json,campaigns\gate13\gate13_5\runs\pilot\gate_g_max_selection_A3_g1.0,1183.3494226932526,467.507712,COMPLETED,True,2026-08-04T11:09:09Z
fd68dd16d9ca4bac,A0,1,PRETRAIN_BASE_SEED1,f52f898b8e6e9a7bcf637f8b046107c19b511fb3,9971ac7cf889e2b3,6e4c2782169af21e9743f3b1d200886f5d595bf6bc504ec1351720949c5cdfae,cf6309010852f6a8d47a45df830a426415d1ee6f7a3970a8376ff1fb81db4a5c,5711cf41623ceb4eacc50eb6108a3ca6565c7492e3caaf82a3e355cc660d1574,2622dfd5cc699f0b71c1e57deb23c929cbfe88bd9c402355d55c35872c079e0d,seion_kgr.evaluate.evaluate (blocked filtered evaluator),campaigns\gate13\gate13_5\runs\pilot\seed1_A0\environment.json,campaigns\gate13\gate13_5\runs\pilot\seed1_A0,657.9917161464691,124.55936,COMPLETED,True,2026-08-04T11:29:00Z
d9c67725392c4878,A1,1,PILOT_RECOVERY,f52f898b8e6e9a7bcf637f8b046107c19b511fb3,b76cfb6e3cfb247c,6e4c2782169af21e9743f3b1d200886f5d595bf6bc504ec1351720949c5cdfae,cf6309010852f6a8d47a45df830a426415d1ee6f7a3970a8376ff1fb81db4a5c,5711cf41623ceb4eacc50eb6108a3ca6565c7492e3caaf82a3e355cc660d1574,1adcdf07451a87e2b67983d4aa2d08f0583146d603a677504d70a2fb966c5fc0,seion_kgr.evaluate.evaluate (blocked filtered evaluator),campaigns\gate13\gate13_5\runs\pilot\seed1_A1\environment.json,campaigns\gate13\gate13_5\runs\pilot\seed1_A1,,,INTERRUPTED_NONRESUMABLE,True,2026-08-04T11:40:07Z
9a60519a1ff34f57,A1,1,PILOT_RECOVERY,f52f898b8e6e9a7bcf637f8b046107c19b511fb3,b76cfb6e3cfb247c,6e4c2782169af21e9743f3b1d200886f5d595bf6bc504ec1351720949c5cdfae,cf6309010852f6a8d47a45df830a426415d1ee6f7a3970a8376ff1fb81db4a5c,5711cf41623ceb4eacc50eb6108a3ca6565c7492e3caaf82a3e355cc660d1574,bb96473580d6f15fd070b841c0c4b03aa6c2f705e9b4feba7963c83d925b435b,seion_kgr.evaluate.evaluate (blocked filtered evaluator),campaigns\gate13\gate13_5\runs\pilot\seed1_A1_rerun_20260805b\environment.json,campaigns\gate13\gate13_5\runs\pilot\seed1_A1_rerun_20260805b,3030.161679506302,468.911104,COMPLETED_CLEAN_REPLACEMENT,True,2026-08-05T22:29:30Z
688496ecfa8b4226,A2,1,PILOT,f52f898b8e6e9a7bcf637f8b046107c19b511fb3,4225c037d8025324,6e4c2782169af21e9743f3b1d200886f5d595bf6bc504ec1351720949c5cdfae,cf6309010852f6a8d47a45df830a426415d1ee6f7a3970a8376ff1fb81db4a5c,5711cf41623ceb4eacc50eb6108a3ca6565c7492e3caaf82a3e355cc660d1574,889e69b38ffa71439af71b280eb0f1a9ce2e61c348e3c55435be3c2917804c38,seion_kgr.evaluate.evaluate (blocked filtered evaluator),campaigns\gate13\gate13_5\runs\pilot\seed1_A2_pilot_20260805\environment.json,campaigns\gate13\gate13_5\runs\pilot\seed1_A2_pilot_20260805,879.9419901371002,137.767936,COMPLETED,True,2026-08-06T01:46:44Z
48778a1093c74ea9,A3,1,PILOT,f52f898b8e6e9a7bcf637f8b046107c19b511fb3,bb86584fa2a97b82,6e4c2782169af21e9743f3b1d200886f5d595bf6bc504ec1351720949c5cdfae,cf6309010852f6a8d47a45df830a426415d1ee6f7a3970a8376ff1fb81db4a5c,5711cf41623ceb4eacc50eb6108a3ca6565c7492e3caaf82a3e355cc660d1574,f0ab486fb1287c1ae8e5a0bf0827aeb976e301ac705e9db7707462a488a35551,seion_kgr.evaluate.evaluate (blocked filtered evaluator),campaigns\gate13\gate13_5\runs\pilot\seed1_A3_pilot_20260805\environment.json,campaigns\gate13\gate13_5\runs\pilot\seed1_A3_pilot_20260805,3592.8607907295227,467.5456,COMPLETED,True,2026-08-06T02:02:48Z
78db52b2dac24f4d,A0,1,MATCHED_WARM_START_CONTROL,f52f898b8e6e9a7bcf637f8b046107c19b511fb3,e6cfbb2384bf89b2,6e4c2782169af21e9743f3b1d200886f5d595bf6bc504ec1351720949c5cdfae,cf6309010852f6a8d47a45df830a426415d1ee6f7a3970a8376ff1fb81db4a5c,5711cf41623ceb4eacc50eb6108a3ca6565c7492e3caaf82a3e355cc660d1574,52b323bc2ab36c6f294979029b77bb86d5c716d11062ab239afcdeb25b874864,seion_kgr.evaluate.evaluate (blocked filtered evaluator),campaigns\gate13\gate13_5\runs\pilot\seed1_A0_matched_control_20260806\environment.json,campaigns\gate13\gate13_5\runs\pilot\seed1_A0_matched_control_20260806,501.85897493362427,124.55936,COMPLETED,True,2026-08-06T03:23:38.956339Z
71077436cc804d01,A0,2,PRETRAIN_BASE_SEED2,f52f898b8e6e9a7bcf637f8b046107c19b511fb3,9971ac7cf889e2b3,6e4c2782169af21e9743f3b1d200886f5d595bf6bc504ec1351720949c5cdfae,cf6309010852f6a8d47a45df830a426415d1ee6f7a3970a8376ff1fb81db4a5c,5711cf41623ceb4eacc50eb6108a3ca6565c7492e3caaf82a3e355cc660d1574,031ac2436c6499fc41af3bd9fdc2009ec3c61e3176ad75095df0c48fc4156435,seion_kgr.evaluate.evaluate (blocked filtered evaluator),campaigns\gate13\gate13_5\runs\full\seed2_A0\environment.json,campaigns\gate13\gate13_5\runs\full\seed2_A0,584.7955145835876,124.55936,COMPLETED,True,2026-08-06T04:14:24.889747Z
787153e119514947,A1,2,SCREENING,f52f898b8e6e9a7bcf637f8b046107c19b511fb3,7f3443840a58804c,6e4c2782169af21e9743f3b1d200886f5d595bf6bc504ec1351720949c5cdfae,cf6309010852f6a8d47a45df830a426415d1ee6f7a3970a8376ff1fb81db4a5c,5711cf41623ceb4eacc50eb6108a3ca6565c7492e3caaf82a3e355cc660d1574,dc277d8fc08cfe13172781c5e63b8ec6f35f84c0a9997fbc3f747511cdec3698,seion_kgr.evaluate.evaluate (blocked filtered evaluator),campaigns\gate13\gate13_5\runs\full\seed2_A1\environment.json,campaigns\gate13\gate13_5\runs\full\seed2_A1,7110.126202106476,453.492224,COMPLETED,True,2026-08-06T04:26:20.106046Z
720e18f7fb0a419d,A2,2,SCREENING,f52f898b8e6e9a7bcf637f8b046107c19b511fb3,c243f6f17e4150d4,6e4c2782169af21e9743f3b1d200886f5d595bf6bc504ec1351720949c5cdfae,cf6309010852f6a8d47a45df830a426415d1ee6f7a3970a8376ff1fb81db4a5c,5711cf41623ceb4eacc50eb6108a3ca6565c7492e3caaf82a3e355cc660d1574,63f44923c9aee1a3316f6f1e13a996c7fcc33dfd322677e7257c3f0e8bc6a7e0,seion_kgr.evaluate.evaluate (blocked filtered evaluator),campaigns\gate13\gate13_5\runs\full\seed2_A2\environment.json,campaigns\gate13\gate13_5\runs\full\seed2_A2,1454.3751814365387,137.767936,COMPLETED,True,2026-08-06T04:26:20.106046Z
3b998c7247d14c34,A3,2,SCREENING,f52f898b8e6e9a7bcf637f8b046107c19b511fb3,93513cecaf3e3a9f,6e4c2782169af21e9743f3b1d200886f5d595bf6bc504ec1351720949c5cdfae,cf6309010852f6a8d47a45df830a426415d1ee6f7a3970a8376ff1fb81db4a5c,5711cf41623ceb4eacc50eb6108a3ca6565c7492e3caaf82a3e355cc660d1574,f94b13e346279f99b689f52bdc9bf469d2e6f5f682e024475381d9f3b4ca5732,seion_kgr.evaluate.evaluate (blocked filtered evaluator),campaigns\gate13\gate13_5\runs\full\seed2_A3\environment.json,campaigns\gate13\gate13_5\runs\full\seed2_A3,7496.959687709808,453.694976,COMPLETED,True,2026-08-06T04:26:20.106046Z
f9fe03afa57a4387,A0,3,PRETRAIN_BASE_SEED3,f52f898b8e6e9a7bcf637f8b046107c19b511fb3,9971ac7cf889e2b3,6e4c2782169af21e9743f3b1d200886f5d595bf6bc504ec1351720949c5cdfae,cf6309010852f6a8d47a45df830a426415d1ee6f7a3970a8376ff1fb81db4a5c,5711cf41623ceb4eacc50eb6108a3ca6565c7492e3caaf82a3e355cc660d1574,9ab6389a1c8a2bd7b92d83b613b69362cb11db4ae373d7688b1ac8bfcbebcb8a,seion_kgr.evaluate.evaluate (blocked filtered evaluator),campaigns\gate13\gate13_5\runs\full\seed3_A0\environment.json,campaigns\gate13\gate13_5\runs\full\seed3_A0,1053.3182315826416,124.55936,COMPLETED,True,2026-08-06T04:52:01.564998Z
4d9b75c8000345bb,A1,3,SCREENING,f52f898b8e6e9a7bcf637f8b046107c19b511fb3,adeda6437bbb817b,6e4c2782169af21e9743f3b1d200886f5d595bf6bc504ec1351720949c5cdfae,cf6309010852f6a8d47a45df830a426415d1ee6f7a3970a8376ff1fb81db4a5c,5711cf41623ceb4eacc50eb6108a3ca6565c7492e3caaf82a3e355cc660d1574,6cb5d87c567a6dbd75d1bd1c6a497231d04a930d9ae602606511e5a9e5a982c2,seion_kgr.evaluate.evaluate (blocked filtered evaluator),campaigns\gate13\gate13_5\runs\full\seed3_A1\environment.json,campaigns\gate13\gate13_5\runs\full\seed3_A1,6756.1725471019745,457.707008,COMPLETED,True,2026-08-06T05:11:03.163633Z
0f3996d1bad84505,A2,3,SCREENING,f52f898b8e6e9a7bcf637f8b046107c19b511fb3,480941374d500de6,6e4c2782169af21e9743f3b1d200886f5d595bf6bc504ec1351720949c5cdfae,cf6309010852f6a8d47a45df830a426415d1ee6f7a3970a8376ff1fb81db4a5c,5711cf41623ceb4eacc50eb6108a3ca6565c7492e3caaf82a3e355cc660d1574,30c7a79dbb2d4dc4f06e6674d815ceb53830d1f040cb20c6e6fff28629a5af37,seion_kgr.evaluate.evaluate (blocked filtered evaluator),campaigns\gate13\gate13_5\runs\full\seed3_A2\environment.json,campaigns\gate13\gate13_5\runs\full\seed3_A2,2153.333825111389,137.767936,COMPLETED,True,2026-08-06T05:11:03.120504Z
277ecb72b5b345ed,A3,3,SCREENING,f52f898b8e6e9a7bcf637f8b046107c19b511fb3,7f63d363c2fc54ca,6e4c2782169af21e9743f3b1d200886f5d595bf6bc504ec1351720949c5cdfae,cf6309010852f6a8d47a45df830a426415d1ee6f7a3970a8376ff1fb81db4a5c,5711cf41623ceb4eacc50eb6108a3ca6565c7492e3caaf82a3e355cc660d1574,f28b19f4517a66ec0cd840f65b925d3254274cac5109fb06e784587ae89141e9,seion_kgr.evaluate.evaluate (blocked filtered evaluator),campaigns\gate13\gate13_5\runs\full\seed3_A3\environment.json,campaigns\gate13\gate13_5\runs\full\seed3_A3,6959.216454982758,455.343104,COMPLETED,True,2026-08-06T05:11:03.152157Z
cfe0d199d1be4bf1,A0,2,MATCHED_STAGE4_CONTROL,f52f898b8e6e9a7bcf637f8b046107c19b511fb3,6ff8536ad3a7da59,6e4c2782169af21e9743f3b1d200886f5d595bf6bc504ec1351720949c5cdfae,cf6309010852f6a8d47a45df830a426415d1ee6f7a3970a8376ff1fb81db4a5c,5711cf41623ceb4eacc50eb6108a3ca6565c7492e3caaf82a3e355cc660d1574,84dcf47fd80716363470c5226f6e689d93087813545da51a4010fd1447b868b9,seion_kgr.evaluate.evaluate (blocked filtered evaluator),campaigns\gate13\gate13_5\runs\full\seed2_A0_matched\environment.json,campaigns\gate13\gate13_5\runs\full\seed2_A0_matched,486.179386138916,124.55936,COMPLETED,True,2026-08-06T07:18:55.451352Z
5fbdad38040f41bb,A0,3,MATCHED_STAGE4_CONTROL,f52f898b8e6e9a7bcf637f8b046107c19b511fb3,36fef0355f178a04,6e4c2782169af21e9743f3b1d200886f5d595bf6bc504ec1351720949c5cdfae,cf6309010852f6a8d47a45df830a426415d1ee6f7a3970a8376ff1fb81db4a5c,5711cf41623ceb4eacc50eb6108a3ca6565c7492e3caaf82a3e355cc660d1574,08c52d8cb604dc587eb4d623a491cee7ec29ab5a92fc988ba0c7f8bc34320c97,seion_kgr.evaluate.evaluate (blocked filtered evaluator),campaigns\gate13\gate13_5\runs\full\seed3_A0_matched\environment.json,campaigns\gate13\gate13_5\runs\full\seed3_A0_matched,524.3228406906128,124.55936,COMPLETED,True,2026-08-06T07:28:59.299522Z
f58fdd7ecd4246b8,W2,1,STANDALONE_WARM_STARTED,a48439ee21935cc01fcb79a2641a9b67c9110dc2,3f2a95c8b3e54519,6e4c2782169af21e9743f3b1d200886f5d595bf6bc504ec1351720949c5cdfae,cf6309010852f6a8d47a45df830a426415d1ee6f7a3970a8376ff1fb81db4a5c,5711cf41623ceb4eacc50eb6108a3ca6565c7492e3caaf82a3e355cc660d1574,208f6ea4214b3615f1bab73a6c931335ebca0020af3b8a7e3834b9dfd08667de,seion_kgr.evaluate.evaluate (blocked filtered evaluator),campaigns\gate13\gate13_5\runs\standalone\warm_started\W2_seed1_retry2_20260807\environment.json,campaigns\gate13\gate13_5\runs\standalone\warm_started\W2_seed1_retry2_20260807,765.3586719036102,120.650752,COMPLETED,True,2026-08-07T08:28:04.833244+00:00
f3e36fc4bd8040c9,W2,2,STANDALONE_WARM_STARTED,76a462a5a98b7d6768b163ebf5ad90def6cabf30,11990534fa83f6ba,6e4c2782169af21e9743f3b1d200886f5d595bf6bc504ec1351720949c5cdfae,cf6309010852f6a8d47a45df830a426415d1ee6f7a3970a8376ff1fb81db4a5c,5711cf41623ceb4eacc50eb6108a3ca6565c7492e3caaf82a3e355cc660d1574,fc4222c622d4f014e2fffc9fb14e8b50abba8f2ba61d45e917f7f76801e8e998,seion_kgr.evaluate.evaluate (blocked filtered evaluator),campaigns\gate13\gate13_5\runs\standalone\warm_started\W2_seed2_20260807\environment.json,campaigns\gate13\gate13_5\runs\standalone\warm_started\W2_seed2_20260807,753.3055996894836,120.650752,COMPLETED,True,2026-08-07T08:42:57.088885+00:00
066eb68aad004248,W2,3,STANDALONE_WARM_STARTED,76a462a5a98b7d6768b163ebf5ad90def6cabf30,7be622b4f040a732,6e4c2782169af21e9743f3b1d200886f5d595bf6bc504ec1351720949c5cdfae,cf6309010852f6a8d47a45df830a426415d1ee6f7a3970a8376ff1fb81db4a5c,5711cf41623ceb4eacc50eb6108a3ca6565c7492e3caaf82a3e355cc660d1574,24e10dfad68ff972a14c1abf137714a47fad65a8911149c993358371a562f9a2,seion_kgr.evaluate.evaluate (blocked filtered evaluator),campaigns\gate13\gate13_5\runs\standalone\warm_started\W2_seed3_20260807\environment.json,campaigns\gate13\gate13_5\runs\standalone\warm_started\W2_seed3_20260807,767.059220790863,120.650752,COMPLETED,True,2026-08-07T08:56:45.790128+00:00
723bda49909c4bc9,R2,1,GENERIC_RESIDUAL_MATCHED,762c3103cc40e6046857e047c0a13a9bcf538685,c8a3d55ed7cb38ae,6e4c2782169af21e9743f3b1d200886f5d595bf6bc504ec1351720949c5cdfae,cf6309010852f6a8d47a45df830a426415d1ee6f7a3970a8376ff1fb81db4a5c,5711cf41623ceb4eacc50eb6108a3ca6565c7492e3caaf82a3e355cc660d1574,0764702082c218bf6503e3c98f964c1cf8a0937887a195d6fdb38f954e387a53,seion_kgr.evaluate.evaluate (blocked filtered evaluator),campaigns\gate13\gate13_5\runs\residual_control\R2_seed1_20260807\environment.json,campaigns\gate13\gate13_5\runs\residual_control\R2_seed1_20260807,869.5982582569122,137.37472,COMPLETED,True,2026-08-07T09:49:51.017922+00:00
435f66760d444751,R2,2,GENERIC_RESIDUAL_MATCHED,762c3103cc40e6046857e047c0a13a9bcf538685,58b9d20539054859,6e4c2782169af21e9743f3b1d200886f5d595bf6bc504ec1351720949c5cdfae,cf6309010852f6a8d47a45df830a426415d1ee6f7a3970a8376ff1fb81db4a5c,5711cf41623ceb4eacc50eb6108a3ca6565c7492e3caaf82a3e355cc660d1574,f8abc59af43de2209fa239b8e8560390e9fbe3645492f44f89ad4fcaaf220683,seion_kgr.evaluate.evaluate (blocked filtered evaluator),campaigns\gate13\gate13_5\runs\residual_control\R2_seed2_retry2_20260807\environment.json,campaigns\gate13\gate13_5\runs\residual_control\R2_seed2_retry2_20260807,761.4552140235901,137.37472,COMPLETED,True,2026-08-07T10:07:53.479049+00:00
d2980306141948a0,R2,3,GENERIC_RESIDUAL_MATCHED,762c3103cc40e6046857e047c0a13a9bcf538685,d8a412a5fa79f75d,6e4c2782169af21e9743f3b1d200886f5d595bf6bc504ec1351720949c5cdfae,cf6309010852f6a8d47a45df830a426415d1ee6f7a3970a8376ff1fb81db4a5c,5711cf41623ceb4eacc50eb6108a3ca6565c7492e3caaf82a3e355cc660d1574,406577c9ac6dc9a0966f96dea0064edb1e8d13ed59bc69319ef7b2413335c13f,seion_kgr.evaluate.evaluate (blocked filtered evaluator),campaigns\gate13\gate13_5\runs\residual_control\R2_seed3_20260807\environment.json,campaigns\gate13\gate13_5\runs\residual_control\R2_seed3_20260807,849.2951946258545,137.37472,COMPLETED,True,2026-08-07T10:22:28.093596+00:00
baac934e1e09468c,W1,1,STANDALONE_WARM_STARTED,762c3103cc40e6046857e047c0a13a9bcf538685,e600e09988e397bd,6e4c2782169af21e9743f3b1d200886f5d595bf6bc504ec1351720949c5cdfae,cf6309010852f6a8d47a45df830a426415d1ee6f7a3970a8376ff1fb81db4a5c,5711cf41623ceb4eacc50eb6108a3ca6565c7492e3caaf82a3e355cc660d1574,0283fac1b09745d1c8204accf973efc1201429776668af25f2499a87ea04867b,seion_kgr.evaluate.evaluate (blocked filtered evaluator),campaigns\gate13\gate13_5\runs\standalone\warm_started\W1_seed1_20260807\environment.json,campaigns\gate13\gate13_5\runs\standalone\warm_started\W1_seed1_20260807,2311.002156019211,463.030272,COMPLETED,True,2026-08-07T10:38:16.341036+00:00
a2931172bad14ee9,W1,2,STANDALONE_WARM_STARTED,762c3103cc40e6046857e047c0a13a9bcf538685,b1b8af47cc9972a5,6e4c2782169af21e9743f3b1d200886f5d595bf6bc504ec1351720949c5cdfae,cf6309010852f6a8d47a45df830a426415d1ee6f7a3970a8376ff1fb81db4a5c,5711cf41623ceb4eacc50eb6108a3ca6565c7492e3caaf82a3e355cc660d1574,15a6877c16eff25581305751022e6912b00c67c14cba1ff25c94000842c9771c,seion_kgr.evaluate.evaluate (blocked filtered evaluator),campaigns\gate13\gate13_5\runs\standalone\warm_started\W1_seed2_20260807\environment.json,campaigns\gate13\gate13_5\runs\standalone\warm_started\W1_seed2_20260807,2298.3958599567413,451.828736,COMPLETED,True,2026-08-07T11:19:02.751178+00:00
655ffd83908841f2,W1,3,STANDALONE_WARM_STARTED,762c3103cc40e6046857e047c0a13a9bcf538685,66f0a117003323c4,6e4c2782169af21e9743f3b1d200886f5d595bf6bc504ec1351720949c5cdfae,cf6309010852f6a8d47a45df830a426415d1ee6f7a3970a8376ff1fb81db4a5c,5711cf41623ceb4eacc50eb6108a3ca6565c7492e3caaf82a3e355cc660d1574,186681cdef3337dd6c66fc591c21c1f764f7c8caae591c6862c1b772d4633572,seion_kgr.evaluate.evaluate (blocked filtered evaluator),campaigns\gate13\gate13_5\runs\standalone\warm_started\W1_seed3_20260807\environment.json,campaigns\gate13\gate13_5\runs\standalone\warm_started\W1_seed3_20260807,2303.0891258716583,453.144064,COMPLETED,True,2026-08-07T11:59:34.536433+00:00
